動詞,自立,*,*,五段・サ行,未然形,滅ぼす,ホロボサ,ホロボサ	殺さ
名詞,一般,*,*,*,*,母親,ハハオヤ,ハハオヤ	母
名詞,非自立,副詞可能,*,*,*,ころ,コロ,コロ	頃
名詞,代名詞,一般,*,*,*,おまえ,オマエ,オマエ	あなた
名詞,副詞可能,*,*,*,*,あす,アス,アス	明日
動詞,自立,*,*,一段,基本形,恐れる,オソレル,オソレル	怖がる
動詞,自立,*,*,五段・ワ行促音便,連用タ接続,振る舞う,フルマッ,フルマッ	し
動詞,自立,*,*,五段・ラ行特殊,命令ｉ,下さる,クダサイ,クダサイ	ください
名詞,数,*,*,*,*,一,イチ,イチ	１
名詞,一般,*,*,*,*,婦人,フジン,フジン	女性
動詞,自立,*,*,五段・ラ行,連用タ接続,召し上がる,メシアガッ,メシアガッ	食べ
名詞,数,*,*,*,*,２,ニ,ニ	二
動詞,自立,*,*,一段,連用形,目覚める,メザメ,メザメ	起き
動詞,自立,*,*,五段・ラ行,連用タ接続,無くなる,ナクナッ,ナクナッ	なくなっ
名詞,一般,*,*,*,*,セリフ,セリフ,セリフ	言葉
動詞,自立,*,*,一段,基本形,うける,ウケル,ウケル	受ける
名詞,形容動詞語幹,*,*,*,*,単純,タンジュン,タンジュン	簡単
名詞,代名詞,一般,*,*,*,君,キミ,キミ	あなた
名詞,代名詞,一般,*,*,*,だれ,ダレ,ダレ	誰
動詞,非自立,*,*,五段・ラ行特殊,命令ｉ,下さる,クダサイ,クダサイ	ください
動詞,自立,*,*,五段・カ行イ音便,基本形,解く,トク,トク	答える
動詞,自立,*,*,五段・ラ行,未然形,劣る,オトラ,オトラ	負け
名詞,一般,*,*,*,*,職業,ショクギョウ,ショクギョー	仕事
名詞,副詞可能,*,*,*,*,全部,ゼンブ,ゼンブ	全て
動詞,自立,*,*,一段,基本形,誉める,ホメル,ホメル	褒める
副詞,助詞類接続,*,*,*,*,まったく,マッタク,マッタク	全く
名詞,一般,*,*,*,*,用,ヨウ,ヨー	目的
名詞,一般,*,*,*,*,かばん,カバン,カバン	鞄
名詞,サ変接続,*,*,*,*,抗議,コウギ,コーギ	反対
動詞,自立,*,*,五段・ラ行,連用形,くもる,クモリ,クモリ	曇り
動詞,自立,*,*,五段・ラ行,基本形,のぼる,ノボル,ノボル	登る
動詞,自立,*,*,一段,未然形,見かける,ミカケ,ミカケ	見
形容詞,自立,*,*,形容詞・イ段,基本形,すずしい,スズシイ,スズシイ	涼しい
動詞,自立,*,*,五段・ワ行促音便,基本形,支払う,シハラウ,シハラウ	払う
動詞,自立,*,*,五段・サ行,基本形,だす,ダス,ダス	出す
副詞,助詞類接続,*,*,*,*,さっぱり,サッパリ,サッパリ	全く
名詞,代名詞,一般,*,*,*,わたし,ワタシ,ワタシ	私
動詞,自立,*,*,一段,命令ｒｏ,突き上げる,ツキアゲロ,ツキアゲロ	上げろ
名詞,一般,*,*,*,*,もと,モト,モト	元
名詞,副詞可能,*,*,*,*,いま,イマ,イマ	今
名詞,一般,*,*,*,*,パソコン,パソコン,パソコン	コンピューター
動詞,自立,*,*,五段・ラ行,連用タ接続,伝わる,ツタワッ,ツタワッ	流れ
動詞,自立,*,*,五段・ワ行促音便,連用形,振舞う,フルマイ,フルマイ	動き
形容詞,自立,*,*,形容詞・アウオ段,ガル接続,温かい,アタタカ,アタタカ	あたたか
動詞,自立,*,*,五段・サ行,連用形,捜す,サガシ,サガシ	探し
副詞,一般,*,*,*,*,めったに,メッタニ,メッタニ	ほとんど
動詞,自立,*,*,五段・ラ行,連用タ接続,もどる,モドッ,モドッ	戻っ
名詞,一般,*,*,*,*,代金,ダイキン,ダイキン	お金
名詞,一般,*,*,*,*,おしまい,オシマイ,オシマイ	ダメ
動詞,自立,*,*,一段,連用形,報じる,ホウジ,ホージ	知らせ
名詞,サ変接続,*,*,*,*,独学,ドクガク,ドクガク	自分
名詞,サ変接続,*,*,*,*,出席,シュッセキ,シュッセキ	参加
動詞,自立,*,*,五段・ラ行,連用タ接続,立ち上がる,タチアガッ,タチアガッ	立っ
名詞,一般,*,*,*,*,休暇,キュウカ,キューカ	休み
名詞,数,*,*,*,*,三,サン,サン	３
名詞,副詞可能,*,*,*,*,あした,アシタ,アシタ	明日
名詞,副詞可能,*,*,*,*,すべて,スベテ,スベテ	全て
動詞,自立,*,*,五段・ラ行,連用形,おっしゃる,オッシャリ,オッシャリ	言い
動詞,自立,*,*,一段,連用形,あける,アケ,アケ	開け
副詞,助詞類接続,*,*,*,*,たいへん,タイヘン,タイヘン	とても
動詞,自立,*,*,一段,基本形,払える,ハラエル,ハラエル	払う
形容詞,自立,*,*,形容詞・アウオ段,基本形,おもしろい,オモシロイ,オモシロイ	面白い
副詞,助詞類接続,*,*,*,*,だんだん,ダンダン,ダンダン	日に日に
名詞,一般,*,*,*,*,となり,トナリ,トナリ	横
副詞,一般,*,*,*,*,じっくり,ジックリ,ジックリ	よく
動詞,自立,*,*,一段,連用形,たべる,タベ,タベ	食べ
動詞,非自立,*,*,一段,未然形,いける,イケ,イケ	なら
動詞,自立,*,*,五段・ラ行,連用タ接続,有る,アッ,アッ	あっ
名詞,数,*,*,*,*,二,ニ,ニ	２
動詞,自立,*,*,一段,連用形,閉める,シメ,シメ	閉じ
動詞,自立,*,*,五段・ラ行,連用形,召し上がる,メシアガリ,メシアガリ	食べ
動詞,自立,*,*,五段・マ行,未然形,すすむ,ススマ,ススマ	進ま
名詞,代名詞,一般,*,*,*,お前,オマエ,オマエ	あなた
名詞,形容動詞語幹,*,*,*,*,駄目,ダメ,ダメ	ダメ
名詞,一般,*,*,*,*,スーパー,スーパー,スーパー	店
名詞,一般,*,*,*,*,友人,ユウジン,ユージン	友達
動詞,自立,*,*,五段・ラ行,基本形,つくる,ツクル,ツクル	作る
名詞,一般,*,*,*,*,生命,セイメイ,セイメイ	命
名詞,形容動詞語幹,*,*,*,*,入用,ニュウヨウ,ニューヨー	必要
名詞,一般,*,*,*,*,ヒザ,ヒザ,ヒザ	膝
形容詞,非自立,*,*,形容詞・イ段,基本形,ほしい,ホシイ,ホシイ	欲しい
動詞,自立,*,*,五段・カ行イ音便,連用タ接続,のぞく,ノゾイ,ノゾイ	見
動詞,自立,*,*,五段・ラ行,連用形,かわる,カワリ,カワリ	変わり
動詞,非自立,*,*,一段,未然形,える,エ,エ	得
名詞,サ変接続,*,*,*,*,手入れ,テイレ,テイレ	整備
名詞,サ変接続,*,*,*,*,専念,センネン,センネン	集中
名詞,非自立,副詞可能,*,*,*,とき,トキ,トキ	時
形容詞,自立,*,*,形容詞・アウオ段,連用テ接続,暖かい,アタタカク,アタタカク	あたたかく
動詞,自立,*,*,一段,連用形,しめる,シメ,シメ	閉じ
副詞,一般,*,*,*,*,きわめて,キワメテ,キワメテ	とても
名詞,一般,*,*,*,*,子ども,コドモ,コドモ	子供
動詞,自立,*,*,一段,連用形,果てる,ハテ,ハテ	切っ
名詞,接尾,助数詞,*,*,*,日間,ニチカン,ニチカン	日
名詞,ナイ形容詞語幹,*,*,*,*,ちがい,チガイ,チガイ	違い
名詞,代名詞,一般,*,*,*,貴方,アナタ,アナタ	あなた
名詞,一般,*,*,*,*,友だち,トモダチ,トモダチ	友達
名詞,一般,*,*,*,*,眺め,ナガメ,ナガメ	景色
名詞,代名詞,一般,*,*,*,何処,ドコ,ドコ	どこ
名詞,一般,*,*,*,*,タバコ,タバコ,タバコ	煙草
名詞,形容動詞語幹,*,*,*,*,軽率,ケイソツ,ケイソツ	簡単
名詞,一般,*,*,*,*,手段,シュダン,シュダン	方法
名詞,サ変接続,*,*,*,*,爆撃,バクゲキ,バクゲキ	攻撃
名詞,一般,*,*,*,*,答案,トウアン,トーアン	答え
名詞,一般,*,*,*,*,いなか,イナカ,イナカ	地方
名詞,一般,*,*,*,*,叔父,オジ,オジ	おじ
動詞,自立,*,*,五段・ラ行,連用タ接続,迫る,セマッ,セマッ	近づい
名詞,一般,*,*,*,*,田舎,イナカ,イナカ	地方
動詞,自立,*,*,一段,連用形,見つめる,ミツメ,ミツメ	見
形容詞,自立,*,*,形容詞・イ段,連用タ接続,うれしい,ウレシカッ,ウレシカッ	嬉しかっ
動詞,自立,*,*,一段,未然形,ほめる,ホメ,ホメ	褒め
副詞,助詞類接続,*,*,*,*,全然,ゼンゼン,ゼンゼン	全く
名詞,一般,*,*,*,*,誤り,アヤマリ,アヤマリ	間違い
名詞,サ変接続,*,*,*,*,実施,ジッシ,ジッシ	実行
名詞,サ変接続,*,*,*,*,援助,エンジョ,エンジョ	協力
形容詞,自立,*,*,形容詞・イ段,連用テ接続,やさしい,ヤサシク,ヤサシク	優しく
名詞,非自立,副詞可能,*,*,*,かぎり,カギリ,カギリ	限り
名詞,形容動詞語幹,*,*,*,*,幸福,コウフク,コーフク	幸せ
副詞,一般,*,*,*,*,恐ろしく,オソロシク,オソロシク	とても
副詞,一般,*,*,*,*,なんて,ナンテ,ナンテ	なんと
動詞,自立,*,*,五段・ラ行,連用タ接続,詰まる,ツマッ,ツマッ	困っ
動詞,自立,*,*,一段,未然ウ接続,ふれる,フレヨ,フレヨ	触れよ
名詞,非自立,一般,*,*,*,ほう,ホウ,ホー	方
名詞,一般,*,*,*,*,生徒,セイト,セイト	学生
名詞,サ変接続,*,*,*,*,整頓,セイトン,セイトン	整理
名詞,形容動詞語幹,*,*,*,*,空っぽ,カラッポ,カラッポ	空
名詞,一般,*,*,*,*,赤ん坊,アカンボウ,アカンボー	赤ちゃん
名詞,一般,*,*,*,*,そいつ,ソイツ,ソイツ	それ
副詞,助詞類接続,*,*,*,*,ぐっすり,グッスリ,グッスリ	よく
名詞,一般,*,*,*,*,人格,ジンカク,ジンカク	性格
動詞,自立,*,*,一段,連用形,聞き取れる,キキトレ,キキトレ	聞こえ
名詞,一般,*,*,*,*,朝飯前,アサメシマエ,アサメシマエ	簡単
動詞,自立,*,*,五段・ラ行,連用タ接続,治まる,オサマッ,オサマッ	止まっ
動詞,自立,*,*,五段・ラ行,連用タ接続,ゆずる,ユズッ,ユズッ	あげ
名詞,副詞可能,*,*,*,*,きのう,キノウ,キノー	昨日
名詞,一般,*,*,*,*,二つ,フタツ,フタツ	２つ
動詞,自立,*,*,五段・カ行イ音便,未然形,招く,マネカ,マネカ	呼ば
動詞,自立,*,*,五段・ラ行,基本形,しゃべる,シャベル,シャベル	話す
名詞,形容動詞語幹,*,*,*,*,愚か,オロカ,オロカ	馬鹿
名詞,代名詞,一般,*,*,*,きみ,キミ,キミ	あなた
名詞,サ変接続,*,*,*,*,うわさ,ウワサ,ウワサ	話
名詞,一般,*,*,*,*,履歴,リレキ,リレキ	過去
動詞,自立,*,*,サ変・スル,文語基本形,する,ス,ス	する
動詞,自立,*,*,五段・ラ行,未然ウ接続,眠る,ネムロ,ネムロ	寝よ
名詞,サ変接続,*,*,*,*,専心,センシン,センシン	集中
名詞,接尾,一般,*,*,*,どおり,ドオリ,ドーリ	通り
名詞,一般,*,*,*,*,イヤ,イヤ,イヤ	嫌
名詞,非自立,副詞可能,*,*,*,とおり,トオリ,トーリ	通り
名詞,代名詞,一般,*,*,*,オレ,オレ,オレ	私
名詞,一般,*,*,*,*,個性,コセイ,コセイ	特徴
動詞,自立,*,*,五段・カ行イ音便,基本形,聴く,キク,キク	聞く
名詞,接尾,一般,*,*,*,しだい,シダイ,シダイ	次第
名詞,副詞可能,*,*,*,*,先程,サキホド,サキホド	先ほど
動詞,自立,*,*,一段,連用形,くじける,クジケ,クジケ	なくなっ
動詞,自立,*,*,一段,連用形,出迎える,デムカエ,デムカエ	迎え
動詞,自立,*,*,五段・サ行,連用形,さらす,サラシ,サラシ	出し
動詞,自立,*,*,一段,連用形,たてる,タテ,タテ	立て
副詞,助詞類接続,*,*,*,*,すこし,スコシ,スコシ	少し
動詞,自立,*,*,五段・ワ行促音便,基本形,あう,アウ,アウ	合う
名詞,サ変接続,*,*,*,*,しっくり,シックリ,シックリ	安定
動詞,自立,*,*,五段・ラ行,未然ウ接続,がんばる,ガンバロ,ガンバロ	頑張ろ
動詞,自立,*,*,五段・サ行,連用形,直す,ナオシ,ナオシ	なおし
名詞,一般,*,*,*,*,汽車,キシャ,キシャ	列車
名詞,副詞可能,*,*,*,*,現在,ゲンザイ,ゲンザイ	今
名詞,ナイ形容詞語幹,*,*,*,*,まちがい,マチガイ,マチガイ	間違い
動詞,自立,*,*,五段・ラ行,基本形,さわる,サワル,サワル	触る
名詞,一般,*,*,*,*,夜中,ヤチュウ,ヤチュー	夜
動詞,自立,*,*,五段・サ行,連用形,費やす,ツイヤシ,ツイヤシ	使っ
名詞,副詞可能,*,*,*,*,多数,タスウ,タスー	多く
動詞,自立,*,*,五段・サ行,未然形,移す,ウツサ,ウツサ	変え
名詞,一般,*,*,*,*,背中,セナカ,セナカ	背
名詞,接尾,助数詞,*,*,*,才,サイ,サイ	歳
名詞,一般,*,*,*,*,ポップコーン,ポップコーン,ポップコーン	菓子
動詞,自立,*,*,一段,連用形,きこえる,キコエ,キコエ	聞こえ
動詞,自立,*,*,五段・サ行,未然形,はたす,ハタサ,ハタサ	守ら
動詞,自立,*,*,五段・ラ行,連用タ接続,祈る,イノッ,イノッ	願っ
名詞,形容動詞語幹,*,*,*,*,ばか,バカ,バカ	馬鹿
動詞,自立,*,*,一段,連用形,出掛ける,デカケ,デカケ	行っ
名詞,サ変接続,*,*,*,*,同調,ドウチョウ,ドーチョー	賛成
動詞,自立,*,*,五段・ラ行,連用タ接続,眠る,ネムッ,ネムッ	寝
動詞,自立,*,*,一段,未然形,いける,イケ,イケ	なら
名詞,一般,*,*,*,*,ダイヤモンド,ダイヤモンド,ダイヤモンド	宝石
名詞,サ変接続,*,*,*,*,テスト,テスト,テスト	試験
副詞,一般,*,*,*,*,たとえ,タトエ,タトエ	もし
名詞,一般,*,*,*,*,視力,シリョク,シリョク	目
名詞,形容動詞語幹,*,*,*,*,台無し,ダイナシ,ダイナシ	ダメ
名詞,一般,*,*,*,*,向こう,ムコウ,ムコー	反対
名詞,一般,*,*,*,*,職,ショク,ショク	仕事
動詞,自立,*,*,一段,基本形,出迎える,デムカエル,デムカエル	迎える
動詞,自立,*,*,一段,命令ｒｏ,付ける,ツケロ,ツケロ	つけろ
名詞,一般,*,*,*,*,レジャー,レジャー,レジャー	休み
名詞,一般,*,*,*,*,キャプテン,キャプテン,キャプテン	一番
動詞,自立,*,*,一段,未然形,感じる,カンジ,カンジ	覚え
名詞,一般,*,*,*,*,スーツ,スーツ,スーツ	服
名詞,サ変接続,*,*,*,*,プレー,プレー,プレー	試合
名詞,一般,*,*,*,*,サミット,サミット,サミット	会議
動詞,自立,*,*,五段・バ行,連用形,よぶ,ヨビ,ヨビ	呼び
名詞,接尾,一般,*,*,*,おき,オキ,オキ	ごと
動詞,自立,*,*,一段,基本形,探し出せる,サガシダセル,サガシダセル	探す
動詞,自立,*,*,一段,未然形,つづける,ツヅケ,ツズケ	続け
名詞,一般,*,*,*,*,美術,ビジュツ,ビジュツ	芸術
動詞,非自立,*,*,一段,連用形,いける,イケ,イケ	なり
動詞,自立,*,*,一段,基本形,はける,ハケル,ハケル	なくなる
名詞,形容動詞語幹,*,*,*,*,上々,ジョウジョウ,ジョージョー	十分
名詞,一般,*,*,*,*,海外,カイガイ,カイガイ	外国
名詞,一般,*,*,*,*,バッグ,バッグ,バッグ	鞄
名詞,サ変接続,*,*,*,*,同意,ドウイ,ドーイ	賛成
動詞,自立,*,*,一段,連用形,なれる,ナレ,ナレ	慣れ
動詞,非自立,*,*,五段・ラ行特殊,連用形,いらっしゃる,イラッシャイ,イラッシャイ	い
名詞,代名詞,一般,*,*,*,皆,ミナ,ミナ	みんな
動詞,自立,*,*,一段,連用形,消し止める,ケシトメ,ケシトメ	消し
名詞,一般,*,*,*,*,トップ,トップ,トップ	一番
名詞,一般,*,*,*,*,うそ,ウソ,ウソ	嘘
副詞,一般,*,*,*,*,ちらりと,チラリト,チラリト	少し
動詞,自立,*,*,五段・カ行イ音便,連用タ接続,履く,ハイ,ハイ	着
動詞,自立,*,*,一段,基本形,嗅ぎつける,カギツケル,カギツケル	気づく
名詞,一般,*,*,*,*,叫び,サケビ,サケビ	声
名詞,一般,*,*,*,*,昆虫,コンチュウ,コンチュー	虫
名詞,一般,*,*,*,*,イヌ,イヌ,イヌ	犬
名詞,数,*,*,*,*,九,キュウ,キュー	９
動詞,自立,*,*,五段・カ行イ音便,連用形,向く,ムキ,ムキ	見
名詞,代名詞,一般,*,*,*,俺,オレ,オレ	私
副詞,一般,*,*,*,*,ともかく,トモカク,トモカク	とにかく
名詞,一般,*,*,*,*,父親,チチオヤ,チチオヤ	父
動詞,自立,*,*,五段・ラ行,基本形,おわる,オワル,オワル	終わる
動詞,自立,*,*,五段・カ行イ音便,基本形,はく,ハク,ハク	着る
動詞,自立,*,*,一段,連用形,辞める,ヤメ,ヤメ	やめ
名詞,一般,*,*,*,*,さよなら,サヨナラ,サヨナラ	挨拶
名詞,一般,*,*,*,*,台風,タイフウ,タイフー	嵐
名詞,一般,*,*,*,*,たばこ,タバコ,タバコ	煙草
名詞,一般,*,*,*,*,街,マチ,マチ	町
名詞,副詞可能,*,*,*,*,きょう,キョウ,キョー	今日
動詞,自立,*,*,五段・ラ行,未然形,しゃべる,シャベラ,シャベラ	話さ
形容詞,自立,*,*,形容詞・イ段,連用タ接続,ほしい,ホシカッ,ホシカッ	欲しかっ
名詞,一般,*,*,*,*,ばか,バカ,バカ	馬鹿
名詞,一般,*,*,*,*,交番,コウバン,コーバン	警察
動詞,自立,*,*,一段,未然形,報じる,ホウジ,ホージ	伝え
名詞,形容動詞語幹,*,*,*,*,すてき,ステキ,ステキ	素敵
形容詞,自立,*,*,形容詞・アウオ段,基本形,暖かい,アタタカイ,アタタカイ	あたたかい
動詞,自立,*,*,一段,連用形,診る,ミ,ミ	見
動詞,自立,*,*,五段・サ行,基本形,治す,ナオス,ナオス	なおす
動詞,自立,*,*,五段・カ行イ音便,連用タ接続,かたづく,カタヅイ,カタズイ	終わっ
動詞,自立,*,*,一段,連用形,言いつける,イイツケ,イーツケ	言っ
動詞,自立,*,*,五段・サ行,連用形,引き出す,ヒキダシ,ヒキダシ	取り
名詞,一般,*,*,*,*,裏側,ウラガワ,ウラガワ	裏
動詞,自立,*,*,五段・マ行,連用タ接続,たのむ,タノン,タノン	頼ん
副詞,一般,*,*,*,*,後ほど,ノチホド,ノチホド	後で
名詞,数,*,*,*,*,五,ゴ,ゴ	５
名詞,代名詞,一般,*,*,*,己,オノレ,オノレ	自分
名詞,副詞可能,*,*,*,*,いちばん,イチバン,イチバン	一番
名詞,サ変接続,*,*,*,*,パス,パス,パス	合格
名詞,非自立,一般,*,*,*,もん,モン,モン	もの
名詞,サ変接続,*,*,*,*,信用,シンヨウ,シンヨー	信頼
動詞,自立,*,*,一段,基本形,とりあげる,トリアゲル,トリアゲル	する
名詞,一般,*,*,*,*,見張り,ミハリ,ミハリ	番
副詞,一般,*,*,*,*,すぐさま,スグサマ,スグサマ	すぐ
動詞,自立,*,*,五段・ワ行促音便,基本形,いう,イウ,イウ	言う
名詞,一般,*,*,*,*,権限,ケンゲン,ケンゲン	権利
名詞,一般,*,*,*,*,向い,ムカイ,ムカイ	反対
動詞,自立,*,*,五段・サ行,未然形,取り壊す,トリコワサ,トリコワサ	壊さ
名詞,一般,*,*,*,*,先方,センポウ,センポー	相手
名詞,一般,*,*,*,*,非,ヒ,ヒ	間違い
名詞,サ変接続,*,*,*,*,野生,ヤセイ,ヤセイ	自然
名詞,サ変接続,*,*,*,*,探検,タンケン,タンケン	調査
動詞,自立,*,*,五段・ラ行,連用タ接続,造る,ツクッ,ツクッ	作っ
名詞,一般,*,*,*,*,悲鳴,ヒメイ,ヒメイ	声
名詞,一般,*,*,*,*,服装,フクソウ,フクソー	服
動詞,自立,*,*,五段・タ行,連用形,もつ,モチ,モチ	持ち
動詞,自立,*,*,五段・ラ行,連用タ接続,参る,マイッ,マイッ	困っ
形容詞,自立,*,*,形容詞・イ段,基本形,ほしい,ホシイ,ホシイ	欲しい
動詞,自立,*,*,一段,連用形,こえる,コエ,コエ	超え
名詞,一般,*,*,*,*,癌,ガン,ガン	ガン
名詞,副詞可能,*,*,*,*,最中,サイチュウ,サイチュー	途中
動詞,自立,*,*,五段・ワ行促音便,連用タ接続,支払う,シハラッ,シハラッ	払っ
動詞,自立,*,*,一段,未然形,受け入れる,ウケイレ,ウケイレ	受け
名詞,一般,*,*,*,*,ランチ,ランチ,ランチ	昼食
動詞,自立,*,*,一段,連用形,見かける,ミカケ,ミカケ	見
名詞,一般,*,*,*,*,並,ナミ,ナミ	普通
動詞,自立,*,*,一段,連用形,感じる,カンジ,カンジ	思っ
動詞,自立,*,*,一段,未然形,でかける,デカケ,デカケ	出かけ
名詞,一般,*,*,*,*,ディナー,ディナー,ディナー	夕食
名詞,一般,*,*,*,*,ネコ,ネコ,ネコ	猫
名詞,一般,*,*,*,*,ビーチ,ビーチ,ビーチ	海
名詞,サ変接続,*,*,*,*,講義,コウギ,コーギ	授業
動詞,自立,*,*,五段・ガ行,基本形,受け継ぐ,ウケツグ,ウケツグ	続ける
名詞,一般,*,*,*,*,お陰,オカゲ,オカゲ	力
動詞,自立,*,*,五段・サ行,未然形,さがす,サガサ,サガサ	探さ
名詞,一般,*,*,*,*,叔母さん,オバサン,オバサン	おばさん
動詞,自立,*,*,五段・ラ行,連用タ接続,のる,ノッ,ノッ	乗っ
名詞,一般,*,*,*,*,ビジョン,ビジョン,ビジョン	姿
名詞,サ変接続,*,*,*,*,習得,シュウトク,シュートク	勉強
名詞,一般,*,*,*,*,お腹,オナカ,オナカ	腹
名詞,一般,*,*,*,*,人口,ジンコウ,ジンコー	人
名詞,形容動詞語幹,*,*,*,*,容易,ヨウイ,ヨーイ	簡単
名詞,一般,*,*,*,*,かさ,カサ,カサ	傘
名詞,非自立,一般,*,*,*,折,オリ,オリ	時
名詞,一般,*,*,*,*,箇所,カショ,カショ	場所
形容詞,自立,*,*,形容詞・アウオ段,連用テ接続,恐い,コワク,コワク	怖く
動詞,自立,*,*,五段・ラ行,連用タ接続,あがる,アガッ,アガッ	終わっ
連体詞,*,*,*,*,*,こういう,コウイウ,コーユウ	こんな
動詞,自立,*,*,五段・ワ行促音便,連用タ接続,うたう,ウタッ,ウタッ	歌っ
形容詞,自立,*,*,形容詞・アウオ段,ガル接続,暖かい,アタタカ,アタタカ	あたたか
動詞,自立,*,*,五段・ラ行,基本形,どなる,ドナル,ドナル	怒る
名詞,サ変接続,*,*,*,*,休息,キュウソク,キューソク	休み
名詞,形容動詞語幹,*,*,*,*,むだ,ムダ,ムダ	無意味
名詞,一般,*,*,*,*,願い,ネガイ,ネガイ	希望
名詞,サ変接続,*,*,*,*,勘定,カンジョウ,カンジョー	会計
名詞,一般,*,*,*,*,いっしょ,イッショ,イッショ	一緒
名詞,一般,*,*,*,*,淑女,シュクジョ,シュクジョ	女性
形容詞,自立,*,*,形容詞・イ段,基本形,むずかしい,ムズカシイ,ムズカシイ	難しい
名詞,サ変接続,*,*,*,*,熱中,ネッチュウ,ネッチュー	集中
動詞,自立,*,*,五段・カ行イ音便,未然ウ接続,解く,ホドコ,ホドコ	答えよ
副詞,一般,*,*,*,*,てんで,テンデ,テンデ	まるで
動詞,自立,*,*,一段,連用形,抱える,カカエ,カカエ	持っ
名詞,形容動詞語幹,*,*,*,*,安静,アンセイ,アンセイ	静か
名詞,形容動詞語幹,*,*,*,*,ブルー,ブルー,ブルー	嫌
動詞,自立,*,*,五段・ワ行促音便,連用形,似合う,ニアイ,ニアイ	合い
動詞,自立,*,*,五段・サ行,未然形,離す,ハナサ,ハナサ	動かさ
名詞,一般,*,*,*,*,間柄,アイダガラ,アイダガラ	関係
名詞,一般,*,*,*,*,インキ,インキ,インキ	インク
名詞,副詞可能,*,*,*,*,翌日,ヨクジツ,ヨクジツ	明日
名詞,一般,*,*,*,*,エサ,エサ,エサ	食べ物
名詞,副詞可能,*,*,*,*,本日,ホンジツ,ホンジツ	今日
動詞,自立,*,*,五段・ラ行,連用タ接続,できあがる,デキアガッ,デキアガッ	終わっ
名詞,サ変接続,*,*,*,*,噂,ウワサ,ウワサ	話
動詞,自立,*,*,一段,基本形,辞める,ヤメル,ヤメル	やめる
名詞,数,*,*,*,*,四,ヨン,ヨン	４
動詞,自立,*,*,一段,連用形,おびえる,オビエ,オビエ	怖がっ
形容詞,自立,*,*,形容詞・アウオ段,連用テ接続,こわい,コワク,コワク	怖く
名詞,一般,*,*,*,*,特典,トクテン,トクテン	権利
動詞,自立,*,*,五段・ラ行,連用形,配る,クバリ,クバリ	つけ
動詞,自立,*,*,五段・ラ行,連用タ接続,断る,コトワッ,コトワッ	やめ
名詞,一般,*,*,*,*,河,カワ,カワ	川
名詞,接尾,人名,*,*,*,様,サマ,サマ	普通
名詞,一般,*,*,*,*,御子,ミコ,ミコ	子供
形容詞,自立,*,*,形容詞・イ段,基本形,かわいらしい,カワイラシイ,カワイラシイ	かわいい
動詞,自立,*,*,五段・ラ行,連用タ接続,ぶつかる,ブツカッ,ブツカッ	当たっ
名詞,一般,*,*,*,*,光景,コウケイ,コーケイ	景色
動詞,自立,*,*,一段,連用形,駆ける,カケ,カケ	走っ
動詞,自立,*,*,五段・ワ行促音便,連用形,あう,アイ,アイ	会い
名詞,一般,*,*,*,*,エアポート,エアポート,エアポート	空港
名詞,サ変接続,*,*,*,*,雑談,ザツダン,ザツダン	話
動詞,自立,*,*,五段・ワ行促音便,基本形,出会う,デアウ,デアウ	会う
名詞,一般,*,*,*,*,海辺,ウミベ,ウミベ	海
動詞,自立,*,*,五段・ワ行促音便,連用タ接続,まちがう,マチガッ,マチガッ	間違っ
副詞,一般,*,*,*,*,丁度,チョウド,チョード	ちょうど
動詞,自立,*,*,五段・ラ行,連用タ接続,書き取る,カキトッ,カキトッ	書い
動詞,非自立,*,*,五段・サ行,連用形,いたす,イタシ,イタシ	し
名詞,形容動詞語幹,*,*,*,*,しあわせ,シアワセ,シアワセ	幸せ
動詞,自立,*,*,五段・カ行イ音便,連用タ接続,聴く,キイ,キイ	聞い
副詞,一般,*,*,*,*,時おり,トキオリ,トキオリ	時々
名詞,一般,*,*,*,*,暮らし,クラシ,クラシ	生活
名詞,一般,*,*,*,*,カップ,カップ,カップ	コップ
動詞,自立,*,*,五段・ワ行促音便,連用タ接続,遭う,アッ,アッ	あっ
動詞,自立,*,*,五段・ラ行,基本形,あやまる,アヤマル,アヤマル	謝る
名詞,代名詞,一般,*,*,*,あたし,アタシ,アタシ	私
名詞,サ変接続,*,*,*,*,手配,テハイ,テハイ	準備
名詞,形容動詞語幹,*,*,*,*,あたりまえ,アタリマエ,アタリマエ	普通
名詞,形容動詞語幹,*,*,*,*,綺麗,キレイ,キレイ	きれい
名詞,一般,*,*,*,*,種子,シュシ,シュシ	種
動詞,自立,*,*,一段,連用形,片づける,カタヅケ,カタズケ	片付け
名詞,一般,*,*,*,*,主将,シュショウ,シュショー	一番
名詞,代名詞,一般,*,*,*,あんた,アンタ,アンタ	あなた
名詞,サ変接続,*,*,*,*,論議,ロンギ,ロンギ	議論
動詞,自立,*,*,一段,連用形,つづける,ツヅケ,ツズケ	続け
名詞,一般,*,*,*,*,めがね,メガネ,メガネ	眼鏡
形容詞,自立,*,*,形容詞・アウオ段,連用タ接続,恐い,コワカッ,コワカッ	怖かっ
動詞,自立,*,*,五段・ワ行促音便,基本形,雇う,ヤトウ,ヤトウ	働かせる
動詞,自立,*,*,五段・サ行,連用形,つぶす,ツブシ,ツブシ	過ごし
動詞,非自立,*,*,五段・ラ行特殊,連用形,下さる,クダサイ,クダサイ	ください
動詞,自立,*,*,五段・ワ行促音便,連用タ接続,出会う,デアッ,デアッ	会っ
名詞,一般,*,*,*,*,合間,アイマ,アイマ	間
名詞,サ変接続,*,*,*,*,予期,ヨキ,ヨキ	予想
名詞,一般,*,*,*,*,気候,キコウ,キコー	天気
名詞,非自立,助動詞語幹,*,*,*,様,ヨウ,ヨー	よう
動詞,非自立,*,*,五段・サ行,連用形,だす,ダシ,ダシ	出し
名詞,一般,*,*,*,*,言論,ゲンロン,ゲンロン	言葉
副詞,一般,*,*,*,*,ひっきりなしに,ヒッキリナシニ,ヒッキリナシニ	ずっと
動詞,自立,*,*,一段,連用形,話しかける,ハナシカケ,ハナシカケ	話し
接続詞,*,*,*,*,*,じゃ,ジャ,ジャ	では
名詞,一般,*,*,*,*,リンゴ,リンゴ,リンゴ	りんご
名詞,一般,*,*,*,*,切符,キップ,キップ	チケット
名詞,一般,*,*,*,*,トラブル,トラブル,トラブル	問題
名詞,サ変接続,*,*,*,*,対処,タイショ,タイショ	対応
名詞,一般,*,*,*,*,コツ,コツ,コツ	方法
動詞,自立,*,*,五段・カ行イ音便,連用形,思い付く,オモイツキ,オモイツキ	考え
動詞,自立,*,*,五段・サ行,連用形,適す,テキシ,テキシ	合っ
名詞,サ変接続,*,*,*,*,没頭,ボットウ,ボットー	集中
名詞,サ変接続,*,*,*,*,討論,トウロン,トーロン	議論
動詞,自立,*,*,五段・ワ行促音便,連用タ接続,話し合う,ハナシアッ,ハナシアッ	話し
名詞,一般,*,*,*,*,ミーティング,ミーティング,ミーティング	会議
名詞,副詞可能,*,*,*,*,とおり,トオリ,トーリ	通り
名詞,一般,*,*,*,*,食卓,ショクタク,ショクタク	食事
動詞,自立,*,*,五段・ラ行,基本形,立ちあがる,タチアガル,タチアガル	立つ
動詞,自立,*,*,五段・ラ行,未然形,関わる,カカワラ,カカワラ	よら
動詞,自立,*,*,一段,連用形,みせる,ミセ,ミセ	見せ
動詞,自立,*,*,五段・ラ行,基本形,飛び上がる,トビアガル,トビアガル	飛ぶ
名詞,一般,*,*,*,*,本屋,ホンヤ,ホンヤ	本の店
動詞,自立,*,*,五段・サ行,未然形,延ばす,ノバサ,ノバサ	し
名詞,一般,*,*,*,*,戸,ト,ト	ドア
名詞,一般,*,*,*,*,メガネ,メガネ,メガネ	眼鏡
動詞,自立,*,*,五段・タ行,基本形,発つ,タツ,タツ	出る
名詞,形容動詞語幹,*,*,*,*,明白,メイハク,メイハク	明らか
名詞,形容動詞語幹,*,*,*,*,幸運,コウウン,コーウン	幸せ
形容詞,自立,*,*,形容詞・イ段,基本形,おいしい,オイシイ,オイシイ	美味しい
形容詞,自立,*,*,形容詞・アウオ段,基本形,あつい,アツイ,アツイ	暑い
名詞,一般,*,*,*,*,びん,ビン,ビン	瓶
動詞,自立,*,*,五段・サ行,基本形,催す,モヨオス,モヨオス	開く
名詞,一般,*,*,*,*,現金,ゲンキン,ゲンキン	お金
動詞,自立,*,*,五段・ラ行,連用タ接続,しゃべる,シャベッ,シャベッ	話し
動詞,自立,*,*,一段,連用形,居合わせる,イアワセ,イアワセ	い
動詞,自立,*,*,五段・ラ行,連用形,眠る,ネムリ,ネムリ	寝
動詞,自立,*,*,一段,未然形,なれる,ナレ,ナレ	なら
名詞,形容動詞語幹,*,*,*,*,あきらか,アキラカ,アキラカ	明らか
名詞,サ変接続,*,*,*,*,警告,ケイコク,ケイコク	注意
名詞,一般,*,*,*,*,報い,ムクイ,ムクイ	結果
動詞,自立,*,*,五段・サ行,連用形,治す,ナオシ,ナオシ	なおし
動詞,自立,*,*,五段・カ行イ音便,未然形,ひく,ヒカ,ヒカ	引か
動詞,自立,*,*,五段・ワ行促音便,連用タ接続,折り合う,オリアッ,オリアッ	いっ
名詞,副詞可能,*,*,*,*,このごろ,コノゴロ,コノゴロ	最近
動詞,自立,*,*,五段・ラ行特殊,基本形,おっしゃる,オッシャル,オッシャル	言う
動詞,自立,*,*,一段,連用形,恐れる,オソレ,オソレ	怖がっ
名詞,一般,*,*,*,*,レジ,レジ,レジ	会計
名詞,形容動詞語幹,*,*,*,*,不可欠,フカケツ,フカケツ	必要
動詞,自立,*,*,カ変・クル,連用形,くる,キ,キ	来
動詞,自立,*,*,五段・サ行,連用形,すごす,スゴシ,スゴシ	過ごし
名詞,一般,*,*,*,*,地点,チテン,チテン	場所
名詞,サ変接続,*,*,*,*,忍耐,ニンタイ,ニンタイ	我慢
名詞,数,*,*,*,*,零,レイ,レイ	０
動詞,自立,*,*,一段,未然形,おくれる,オクレ,オクレ	遅れ
形容詞,自立,*,*,形容詞・イ段,基本形,いそがしい,イソガシイ,イソガシイ	忙しい
名詞,接尾,助数詞,*,*,*,通,ツウ,ツー	枚
動詞,自立,*,*,一段,連用形,詰める,ツメ,ツメ	入れ
名詞,一般,*,*,*,*,ためし,タメシ,タメシ	こと
副詞,一般,*,*,*,*,ほんとに,ホントニ,ホントニ	本当に
動詞,自立,*,*,一段,基本形,みえる,ミエル,ミエル	見える
名詞,副詞可能,*,*,*,*,当時,トウジ,トージ	時
動詞,自立,*,*,一段,連用形,おぼえる,オボエ,オボエ	覚え
動詞,自立,*,*,五段・ラ行,連用タ接続,かわる,カワッ,カワッ	変わっ
副詞,一般,*,*,*,*,ぜんぜん,ゼンゼン,ゼンゼン	全く
名詞,一般,*,*,*,*,企て,クワダテ,クワダテ	計画
動詞,自立,*,*,五段・ワ行促音便,基本形,そろう,ソロウ,ソロウ	集まる
動詞,自立,*,*,五段・カ行イ音便,連用タ接続,たく,タイ,タイ	つけ
名詞,一般,*,*,*,*,取り決め,トリキメ,トリキメ	決定
動詞,自立,*,*,五段・ラ行,命令ｅ,立ち去る,タチサレ,タチサレ	離れろ
名詞,一般,*,*,*,*,電灯,デントウ,デントー	電気
名詞,一般,*,*,*,*,チャンス,チャンス,チャンス	機会
名詞,一般,*,*,*,*,プラン,プラン,プラン	計画
名詞,副詞可能,*,*,*,*,あいだ,アイダ,アイダ	間
名詞,一般,*,*,*,*,過失,カシツ,カシツ	間違い
名詞,一般,*,*,*,*,異存,イゾン,イゾン	反対
形容詞,自立,*,*,形容詞・アウオ段,連用テ接続,つらい,ツラク,ツラク	強く
動詞,自立,*,*,五段・ラ行,未然形,分る,ワカラ,ワカラ	分から
名詞,代名詞,一般,*,*,*,どっち,ドッチ,ドッチ	どちら
動詞,自立,*,*,五段・サ行,連用形,考え出す,カンガエダシ,カンガエダシ	考え
名詞,形容動詞語幹,*,*,*,*,純粋,ジュンスイ,ジュンスイ	きれい
名詞,代名詞,一般,*,*,*,彼等,カレラ,カレラ	彼ら
名詞,一般,*,*,*,*,当地,トウチ,トーチ	ここ
動詞,自立,*,*,五段・ワ行促音便,連用タ接続,取り計らう,トリハカラッ,トリハカラッ	し
形容詞,自立,*,*,形容詞・アウオ段,基本形,緩い,ユルイ,ユルイ	大きい
名詞,一般,*,*,*,*,細君,サイクン,サイクン	妻
形容詞,自立,*,*,形容詞・アウオ段,連用テ接続,はやい,ハヤク,ハヤク	早く
動詞,自立,*,*,五段・カ行イ音便,連用タ接続,きづく,キヅイ,キズイ	気づい
動詞,自立,*,*,一段,基本形,ほめる,ホメル,ホメル	褒める
動詞,自立,*,*,五段・ラ行,基本形,つづる,ツヅル,ツズル	書く
動詞,自立,*,*,一段,連用形,だれる,ダレ,ダレ	疲れ
動詞,自立,*,*,一段,連用形,話し掛ける,ハナシカケ,ハナシカケ	話し
名詞,一般,*,*,*,*,学識,ガクシキ,ガクシキ	知識
名詞,非自立,副詞可能,*,*,*,以内,イナイ,イナイ	以下
名詞,一般,*,*,*,*,腎臓,ジンゾウ,ジンゾー	臓器
名詞,一般,*,*,*,*,火の手,ヒノテ,ヒノテ	火
副詞,一般,*,*,*,*,おおいに,オオイニ,オーイニ	とても
名詞,一般,*,*,*,*,晩,バン,バン	夜
名詞,一般,*,*,*,*,盛り,モリ,モリ	時
名詞,一般,*,*,*,*,おまわりさん,オマワリサン,オマワリサン	警察官
動詞,自立,*,*,五段・サ行,連用形,見出す,ミイダシ,ミイダシ	見つけ出し
動詞,非自立,*,*,一段,連用形,つづける,ツヅケ,ツズケ	続け
名詞,一般,*,*,*,*,心地,ココチ,ココチ	気
名詞,サ変接続,*,*,*,*,休憩,キュウケイ,キューケイ	休み
名詞,形容動詞語幹,*,*,*,*,遺憾,イカン,イカン	残念
形容詞,自立,*,*,形容詞・アウオ段,ガル接続,おもしろい,オモシロ,オモシロ	面白
名詞,一般,*,*,*,*,安静,アンセイ,アンセイ	静か
形容詞,自立,*,*,形容詞・アウオ段,連用タ接続,上手い,ウマカッ,ウマカッ	うまかっ
名詞,一般,*,*,*,*,近所,キンジョ,キンジョ	近く
動詞,自立,*,*,五段・サ行,連用形,干す,ホシ,ホシ	乾かし
動詞,自立,*,*,一段,連用形,乗り越える,ノリコエ,ノリコエ	超え
名詞,一般,*,*,*,*,振り出し,フリダシ,フリダシ	最初
名詞,副詞可能,*,*,*,*,一月,イチガツ,イチガツ	１月
名詞,一般,*,*,*,*,髪の毛,カミノケ,カミノケ	髪
形容詞,自立,*,*,形容詞・イ段,基本形,うれしい,ウレシイ,ウレシイ	嬉しい
動詞,自立,*,*,五段・サ行,連用形,見下ろす,ミオロシ,ミオロシ	見
動詞,自立,*,*,一段,連用形,割り当てる,ワリアテ,ワリアテ	決め
名詞,代名詞,一般,*,*,*,そちら,ソチラ,ソチラ	そこ
名詞,サ変接続,*,*,*,*,喫煙,キツエン,キツエン	煙草
副詞,一般,*,*,*,*,未だ,イマダ,イマダ	まだ
名詞,サ変接続,*,*,*,*,説教,セッキョウ,セッキョー	注意
動詞,自立,*,*,五段・ラ行,連用形,立ち去る,タチサリ,タチサリ	離れ
名詞,一般,*,*,*,*,皆さん,ミナサン,ミナサン	みんな
動詞,自立,*,*,一段,連用形,持ち合わせる,モチアワセ,モチアワセ	持っ
動詞,自立,*,*,五段・ラ行,連用タ接続,おさまる,オサマッ,オサマッ	止まっ
名詞,一般,*,*,*,*,ふつう,フツウ,フツー	普通
動詞,自立,*,*,一段,未然形,立ち上がれる,タチアガレ,タチアガレ	立て
動詞,自立,*,*,五段・ラ行,基本形,まさる,マサル,マサル	勝つ
名詞,一般,*,*,*,*,カゼ,カゼ,カゼ	風邪
名詞,一般,*,*,*,*,我,ワガ,ワガ	自分
動詞,自立,*,*,五段・サ行,連用形,逃げ出す,ニゲダシ,ニゲダシ	逃げ
名詞,副詞可能,*,*,*,*,みな,ミナ,ミナ	みんな
名詞,一般,*,*,*,*,惑星,ワクセイ,ワクセイ	星
動詞,自立,*,*,五段・ワ行促音便,連用タ接続,似合う,ニアッ,ニアッ	合っ
動詞,自立,*,*,五段・サ行,連用形,よす,ヨシ,ヨシ	やめ
名詞,接尾,助数詞,*,*,*,人前,ニンマエ,ニンマエ	人
名詞,一般,*,*,*,*,愚か者,オロカモノ,オロカモノ	馬鹿
動詞,自立,*,*,五段・サ行,基本形,引き返す,ヒキカエス,ヒキカエス	戻る
動詞,自立,*,*,五段・マ行,連用形,のむ,ノミ,ノミ	飲み
名詞,一般,*,*,*,*,日にち,ヒニチ,ヒニチ	日
名詞,サ変接続,*,*,*,*,アドバイス,アドバイス,アドバイス	助言
動詞,自立,*,*,一段,未然形,成し遂げる,ナシトゲ,ナシトゲ	し
動詞,自立,*,*,一段,未然形,思える,オモエ,オモエ	思わ
副詞,一般,*,*,*,*,はじめて,ハジメテ,ハジメテ	初めて
名詞,一般,*,*,*,*,フットボール,フットボール,フットボール	サッカー
名詞,一般,*,*,*,*,格好,カッコウ,カッコー	見た目
名詞,数,*,*,*,*,１,イチ,イチ	一
動詞,自立,*,*,五段・ワ行促音便,基本形,おもう,オモウ,オモウ	思う
動詞,自立,*,*,一段,連用形,ささげる,ササゲ,ササゲ	かけ
動詞,自立,*,*,一段,連用形,見上げる,ミアゲ,ミアゲ	見
連体詞,*,*,*,*,*,どういう,ドウイウ,ドーユウ	どんな
動詞,自立,*,*,一段,未然ウ接続,埋め合わせる,ウメアワセヨ,ウメアワセヨ	補お
名詞,一般,*,*,*,*,根本,コンポン,コンポン	元
動詞,自立,*,*,一段,連用形,換える,カエ,カエ	変え
動詞,自立,*,*,一段,連用形,更ける,フケ,フケ	終わり
名詞,一般,*,*,*,*,望み,ノゾミ,ノゾミ	希望
名詞,形容動詞語幹,*,*,*,*,内密,ナイミツ,ナイミツ	秘密
動詞,非自立,*,*,五段・カ行イ音便,基本形,いただく,イタダク,イタダク	頂く
動詞,自立,*,*,五段・カ行イ音便,未然形,向く,ムカ,ムカ	合わ
名詞,形容動詞語幹,*,*,*,*,苦手,ニガテ,ニガテ	嫌
名詞,サ変接続,*,*,*,*,審議,シンギ,シンギ	議論
名詞,一般,*,*,*,*,わり,ワリ,ワリ	割
名詞,一般,*,*,*,*,かなり,カナリ,カナリ	多く
名詞,一般,*,*,*,*,病,ヤマイ,ヤマイ	病気
名詞,一般,*,*,*,*,害,ガイ,ガイ	被害
名詞,サ変接続,*,*,*,*,意思,イシ,イシ	気持ち
動詞,自立,*,*,五段・サ行,連用形,犯す,オカシ,オカシ	し
名詞,一般,*,*,*,*,ことば,コトバ,コトバ	言葉
名詞,一般,*,*,*,*,素質,ソシツ,ソシツ	能力
動詞,自立,*,*,一段,連用形,たすける,タスケ,タスケ	助け
名詞,一般,*,*,*,*,背丈,セタケ,セタケ	背
名詞,一般,*,*,*,*,ニッケル,ニッケル,ニッケル	金属
動詞,自立,*,*,五段・ラ行,基本形,わたる,ワタル,ワタル	渡る
名詞,一般,*,*,*,*,式典,シキテン,シキテン	式
名詞,一般,*,*,*,*,かぎ,カギ,カギ	鍵
動詞,自立,*,*,五段・サ行,基本形,足す,タス,タス	加える
名詞,サ変接続,*,*,*,*,接待,セッタイ,セッタイ	対応
名詞,一般,*,*,*,*,ランプ,ランプ,ランプ	電気
名詞,一般,*,*,*,*,はなし,ハナシ,ハナシ	話
動詞,自立,*,*,五段・ワ行促音便,未然形,養う,ヤシナワ,ヤシナワ	守ら
動詞,自立,*,*,五段・ラ行,連用タ接続,留まる,トマッ,トマッ	止まっ
動詞,自立,*,*,五段・ラ行,連用タ接続,立ち止まる,タチドマッ,タチドマッ	止まっ
名詞,サ変接続,*,*,*,*,賛同,サンドウ,サンドー	賛成
副詞,一般,*,*,*,*,いつのまにか,イツノマニカ,イツノマニカ	いつの間にか
形容詞,自立,*,*,形容詞・イ段,基本形,虚しい,ムナシイ,ムナシイ	悲しい
動詞,自立,*,*,一段,基本形,みつける,ミツケル,ミツケル	見つける
名詞,サ変接続,*,*,*,*,ブレンド,ブレンド,ブレンド	種類
動詞,自立,*,*,五段・カ行イ音便,連用タ接続,解く,トイ,トイ	答え
名詞,副詞可能,*,*,*,*,去年,キョネン,キョネン	昨年
動詞,自立,*,*,一段,連用形,打ちつける,ウチツケ,ウチツケ	当たっ
名詞,サ変接続,*,*,*,*,お手伝い,オテツダイ,オテツダイ	協力
名詞,一般,*,*,*,*,セーター,セーター,セーター	服
名詞,一般,*,*,*,*,尻,シリ,シリ	腰
動詞,自立,*,*,一段,連用形,誉める,ホメ,ホメ	褒め
動詞,自立,*,*,一段,連用形,にる,ニ,ニ	似
形容詞,自立,*,*,形容詞・アウオ段,基本形,たかい,タカイ,タカイ	高い
名詞,一般,*,*,*,*,農場,ノウジョウ,ノージョー	農業
名詞,サ変接続,*,*,*,*,予言,ヨゲン,ヨゲン	予想
動詞,自立,*,*,一段,連用形,そそぎ入れる,ソソギイレ,ソソギイレ	入れ
名詞,副詞可能,*,*,*,*,先日,センジツ,センジツ	昨日
名詞,一般,*,*,*,*,まち,マチ,マチ	町
名詞,一般,*,*,*,*,点数,テンスウ,テンスー	点
名詞,サ変接続,*,*,*,*,真似,マネ,マネ	こと
形容詞,自立,*,*,形容詞・アウオ段,基本形,ものすごい,モノスゴイ,モノスゴイ	すごい
名詞,一般,*,*,*,*,近頃,チカゴロ,チカゴロ	最近
名詞,一般,*,*,*,*,邦貨,ホウカ,ホーカ	お金
動詞,自立,*,*,一段,基本形,やれる,ヤレル,ヤレル	できる
動詞,自立,*,*,五段・ラ行,連用形,はしる,ハシリ,ハシリ	走り
動詞,自立,*,*,一段,連用形,表れる,アラワレ,アラワレ	現れ
副詞,一般,*,*,*,*,とっても,トッテモ,トッテモ	とても
形容詞,自立,*,*,形容詞・アウオ段,基本形,温かい,アタタカイ,アタタカイ	あたたかい
動詞,自立,*,*,五段・タ行,基本形,役立つ,ヤクダツ,ヤクダツ	役に立つ
名詞,一般,*,*,*,*,商用,ショウヨウ,ショーヨー	仕事
動詞,自立,*,*,五段・マ行,未然形,盗む,ヌスマ,ヌスマ	とら
名詞,サ変接続,*,*,*,*,担任,タンニン,タンニン	担当
名詞,サ変接続,*,*,*,*,手助け,テダスケ,テダスケ	協力
動詞,自立,*,*,五段・ラ行,基本形,祈る,イノル,イノル	願う
動詞,自立,*,*,五段・サ行,基本形,延ばす,ノバス,ノバス	やる
名詞,形容動詞語幹,*,*,*,*,奇妙,キミョウ,キミョー	不思議
動詞,自立,*,*,五段・ラ行,基本形,劣る,オトル,オトル	負ける
名詞,形容動詞語幹,*,*,*,*,陽気,ヨウキ,ヨーキ	元気
名詞,一般,*,*,*,*,脇腹,ワキバラ,ワキバラ	腹
名詞,一般,*,*,*,*,樹齢,ジュレイ,ジュレイ	年
名詞,一般,*,*,*,*,ひま,ヒマ,ヒマ	時間
動詞,自立,*,*,五段・サ行,基本形,みなす,ミナス,ミナス	言う
動詞,自立,*,*,五段・ワ行促音便,基本形,つきあう,ツキアウ,ツキアウ	遊ぶ
動詞,自立,*,*,五段・ラ行,連用タ接続,つくる,ツクッ,ツクッ	作っ
名詞,接尾,人名,*,*,*,君,クン,クン	あなた
動詞,自立,*,*,一段,基本形,取り扱える,トリアツカエル,トリアツカエル	取り組む
連体詞,*,*,*,*,*,たいした,タイシタ,タイシタ	大きな
動詞,自立,*,*,一段,連用形,冷める,サメ,サメ	なくなっ
名詞,一般,*,*,*,*,徒歩,トホ,トホ	歩き
動詞,自立,*,*,五段・ラ行,連用タ接続,誤る,アヤマッ,アヤマッ	間違っ
形容詞,自立,*,*,形容詞・イ段,基本形,気難しい,キムズカシイ,キムズカシイ	難しい
名詞,一般,*,*,*,*,回り,マワリ,マワリ	近く
形容詞,自立,*,*,形容詞・アウオ段,連用テ接続,上手い,ウマク,ウマク	うまく
動詞,自立,*,*,一段,未然形,現われる,アラワレ,アラワレ	現れ
動詞,自立,*,*,五段・ワ行促音便,連用タ接続,まう,マッ,マッ	待っ
名詞,一般,*,*,*,*,ビジネス,ビジネス,ビジネス	仕事
動詞,自立,*,*,五段・ワ行促音便,連用タ接続,落ち合う,オチアッ,オチアッ	会っ
動詞,自立,*,*,五段・マ行,連用形,すすむ,ススミ,ススミ	進み
名詞,一般,*,*,*,*,医師,イシ,イシ	医者
名詞,サ変接続,*,*,*,*,助力,ジョリョク,ジョリョク	協力
名詞,一般,*,*,*,*,スパナ,スパナ,スパナ	道具
動詞,自立,*,*,五段・マ行,基本形,乗り込む,ノリコム,ノリコム	乗る
名詞,一般,*,*,*,*,リーダー,リーダー,リーダー	代表
名詞,数,*,*,*,*,六,ロク,ロク	６
名詞,一般,*,*,*,*,隅,スミ,スミ	あたり
動詞,自立,*,*,五段・ワ行促音便,連用タ接続,味わう,アジワッ,アジワッ	食べ
動詞,自立,*,*,一段,連用形,受け入れる,ウケイレ,ウケイレ	認め
動詞,自立,*,*,五段・ラ行,連用形,まいる,マイリ,マイリ	行き
形容詞,自立,*,*,形容詞・アウオ段,連用テ接続,おもしろい,オモシロク,オモシロク	面白く
名詞,形容動詞語幹,*,*,*,*,深刻,シンコク,シンコク	大変
動詞,自立,*,*,五段・サ行,未然形,切り倒す,キリタオサ,キリタオサ	切ら
名詞,形容動詞語幹,*,*,*,*,じょうぶ,ジョウブ,ジョーブ	健康
副詞,一般,*,*,*,*,とうてい,トウテイ,トーテイ	決して
動詞,自立,*,*,五段・カ行イ音便,未然ウ接続,まく,マコ,マコ	かけよ
名詞,一般,*,*,*,*,タフ,タフ,タフ	丈夫
名詞,一般,*,*,*,*,手伝い,テツダイ,テツダイ	協力
名詞,一般,*,*,*,*,内緒,ナイショ,ナイショ	秘密
副詞,一般,*,*,*,*,ふと,フト,フト	突然
副詞,助詞類接続,*,*,*,*,更に,サラニ,サラニ	もっと
名詞,一般,*,*,*,*,巡査,ジュンサ,ジュンサ	警察
動詞,自立,*,*,五段・ラ行,連用タ接続,障る,サワッ,サワッ	触っ
名詞,代名詞,一般,*,*,*,みな,ミナ,ミナ	みんな
動詞,自立,*,*,一段,連用形,さえる,サエ,サエ	きい
形容詞,自立,*,*,形容詞・イ段,基本形,騒々しい,ソウゾウシイ,ソーゾーシイ	うるさい
名詞,一般,*,*,*,*,かぜ,カゼ,カゼ	風邪
動詞,自立,*,*,五段・ワ行促音便,未然ウ接続,話し合う,ハナシアオ,ハナシアオ	話そ
名詞,一般,*,*,*,*,身体,シンタイ,シンタイ	体
形容詞,自立,*,*,形容詞・イ段,連用テ接続,むずかしい,ムズカシク,ムズカシク	難しく
名詞,一般,*,*,*,*,機構,キコウ,キコー	気分
名詞,サ変接続,*,*,*,*,メモ,メモ,メモ	記録
動詞,自立,*,*,五段・サ行,未然ウ接続,探し出す,サガシダソ,サガシダソ	探そ
名詞,サ変接続,*,*,*,*,紛争,フンソウ,フンソー	戦争
動詞,自立,*,*,五段・サ行,連用形,こぼす,コボシ,コボシ	言っ
形容詞,自立,*,*,形容詞・イ段,ガル接続,ほしい,ホシ,ホシ	欲し
副詞,一般,*,*,*,*,きっかり,キッカリ,キッカリ	ちょうど
動詞,自立,*,*,五段・ラ行,連用タ接続,閉まる,シマッ,シマッ	閉じ
名詞,形容動詞語幹,*,*,*,*,内気,ウチキ,ウチキ	静か
動詞,自立,*,*,五段・ラ行,連用タ接続,なる,ナッ,ナッ	き
動詞,自立,*,*,五段・ラ行,連用タ接続,寝入る,ネイッ,ネイッ	寝
副詞,一般,*,*,*,*,日増しに,ヒマシニ,ヒマシニ	日に日に
名詞,一般,*,*,*,*,容姿,ヨウシ,ヨーシ	見た目
名詞,一般,*,*,*,*,前方,ゼンポウ,ゼンポー	前
名詞,サ変接続,*,*,*,*,故障,コショウ,コショー	不具合
名詞,一般,*,*,*,*,見かけ,ミカケ,ミカケ	見た目
名詞,サ変接続,*,*,*,*,辛抱,シンボウ,シンボー	我慢
名詞,一般,*,*,*,*,台所,ダイドコロ,ダイドコロ	勝手
動詞,自立,*,*,五段・ラ行,基本形,閉まる,シマル,シマル	閉じる
名詞,一般,*,*,*,*,愛想,アイソ,アイソ	対応
名詞,一般,*,*,*,*,結末,ケツマツ,ケツマツ	最後
名詞,一般,*,*,*,*,才能,サイノウ,サイノー	能力
動詞,自立,*,*,五段・サ行,未然形,みなす,ミナサ,ミナサ	呼ば
名詞,一般,*,*,*,*,学科,ガッカ,ガッカ	勉強
名詞,一般,*,*,*,*,学級,ガッキュウ,ガッキュー	クラス
動詞,自立,*,*,一段,連用形,産まれる,ウマレ,ウマレ	でき
形容詞,自立,*,*,形容詞・イ段,連用テ接続,やかましい,ヤカマシク,ヤカマシク	うるさく
動詞,自立,*,*,五段・サ行,未然形,直す,ナオサ,ナオサ	なおさ
名詞,形容動詞語幹,*,*,*,*,忠実,チュウジツ,チュージツ	正直
名詞,一般,*,*,*,*,教師,キョウシ,キョーシ	先生
名詞,一般,*,*,*,*,えさ,エサ,エサ	食事
名詞,一般,*,*,*,*,極秘,ゴクヒ,ゴクヒ	秘密
名詞,一般,*,*,*,*,かかわり,カカワリ,カカワリ	関係
形容詞,自立,*,*,形容詞・アウオ段,基本形,恐い,コワイ,コワイ	怖い
動詞,自立,*,*,一段,連用形,演じる,エンジ,エンジ	やっ
動詞,自立,*,*,五段・サ行,連用形,取り出す,トリダシ,トリダシ	出し
動詞,自立,*,*,一段,基本形,出会える,デアエル,デアエル	会う
動詞,自立,*,*,一段,未然形,誉める,ホメ,ホメ	褒め
名詞,一般,*,*,*,*,ママ,ママ,ママ	母
名詞,形容動詞語幹,*,*,*,*,流ちょう,リュウチョウ,リューチョー	普通
名詞,一般,*,*,*,*,話題,ワダイ,ワダイ	話
動詞,自立,*,*,一段,未然形,行ける,イケ,イケ	なら
形容詞,自立,*,*,形容詞・イ段,基本形,恐ろしい,オソロシイ,オソロシイ	怖い
形容詞,自立,*,*,形容詞・アウオ段,基本形,だるい,ダルイ,ダルイ	重い
名詞,一般,*,*,*,*,場面,バメン,バメン	状況
動詞,自立,*,*,五段・ラ行,連用タ接続,すわる,スワッ,スワッ	座っ
動詞,自立,*,*,五段・サ行,連用形,渡す,ワタシ,ワタシ	あげ
動詞,自立,*,*,五段・ラ行,基本形,泊まる,トマル,トマル	いる
名詞,一般,*,*,*,*,典型,テンケイ,テンケイ	一般
名詞,一般,*,*,*,*,林檎,リンゴ,リンゴ	りんご
名詞,サ変接続,*,*,*,*,航海,コウカイ,コーカイ	旅行
名詞,一般,*,*,*,*,世の中,ヨノナカ,ヨノナカ	世界
名詞,サ変接続,*,*,*,*,診察,シンサツ,シンサツ	検査
動詞,自立,*,*,五段・ワ行促音便,連用形,誘う,サソイ,サソイ	呼び
名詞,一般,*,*,*,*,テレックス,テレックス,テレックス	電話
名詞,形容動詞語幹,*,*,*,*,無礼,ブレイ,ブレイ	失礼
名詞,一般,*,*,*,*,師,シ,シ	先生
名詞,一般,*,*,*,*,レパートリー,レパートリー,レパートリー	種類
名詞,形容動詞語幹,*,*,*,*,完璧,カンペキ,カンペキ	完全
形容詞,自立,*,*,形容詞・イ段,連用テ接続,おいしい,オイシク,オイシク	美味しく
形容詞,自立,*,*,形容詞・アウオ段,ガル接続,素早い,スバヤ,スバヤ	早
名詞,一般,*,*,*,*,帝王,テイオウ,テイオー	王
動詞,自立,*,*,五段・ワ行促音便,連用タ接続,てつだう,テツダッ,テツダッ	手伝っ
動詞,自立,*,*,五段・サ行,連用形,出くわす,デクワシ,デクワシ	会っ
名詞,サ変接続,*,*,*,*,察知,サッチ,サッチ	予想
名詞,サ変接続,*,*,*,*,侵略,シンリャク,シンリャク	攻撃
名詞,一般,*,*,*,*,叔母,オバ,オバ	おば
動詞,自立,*,*,一段,連用形,おしえる,オシエ,オシエ	教え
動詞,非自立,*,*,五段・サ行,基本形,だす,ダス,ダス	始める
副詞,一般,*,*,*,*,コロコロ,コロコロ,コロコロ	どんどん
名詞,サ変接続,*,*,*,*,看病,カンビョウ,カンビョー	世話
動詞,自立,*,*,一段,未然形,とりかえる,トリカエ,トリカエ	変え
副詞,一般,*,*,*,*,まさしく,マサシク,マサシク	まさに
名詞,一般,*,*,*,*,助け,タスケ,タスケ	協力
名詞,副詞可能,*,*,*,*,こんど,コンド,コンド	今度
動詞,自立,*,*,五段・カ行イ音便,連用タ接続,点く,ツイ,ツイ	つい
名詞,一般,*,*,*,*,タイトル,タイトル,タイトル	名前
名詞,形容動詞語幹,*,*,*,*,健全,ケンゼン,ケンゼン	普通
名詞,数,*,*,*,*,八,ハチ,ハチ	８
名詞,一般,*,*,*,*,つり,ツリ,ツリ	釣り
動詞,自立,*,*,五段・カ行イ音便,連用タ接続,引き裂く,ヒキサイ,ヒキサイ	破っ
形容詞,自立,*,*,形容詞・アウオ段,連用テ接続,旨い,ウマク,ウマク	うまく
副詞,一般,*,*,*,*,しぶしぶ,シブシブ,シブシブ	やっと
動詞,自立,*,*,五段・カ行イ音便,連用タ接続,効く,キイ,キイ	きい
名詞,一般,*,*,*,*,万事,バンジ,バンジ	全て
動詞,自立,*,*,五段・ラ行,基本形,いじる,イジル,イジル	触る
名詞,サ変接続,*,*,*,*,口答え,クチゴタエ,クチゴタエ	反対
動詞,自立,*,*,五段・ラ行,連用タ接続,めいる,メイッ,メイッ	つかれ
名詞,一般,*,*,*,*,キー,キー,キー	鍵
動詞,自立,*,*,一段,連用形,改める,アラタメ,アラタメ	変え
形容詞,自立,*,*,形容詞・アウオ段,基本形,分厚い,ブアツイ,ブアツイ	重い
動詞,自立,*,*,一段,基本形,通じる,ツウジル,ツージル	つながる
名詞,サ変接続,*,*,*,*,同感,ドウカン,ドーカン	賛成
名詞,一般,*,*,*,*,世,ヨ,ヨ	世界
名詞,一般,*,*,*,*,内々,ウチウチ,ウチウチ	秘密
動詞,自立,*,*,一段,連用形,荒れる,アレ,アレ	あれ
動詞,自立,*,*,五段・ラ行,連用タ接続,駆け寄る,カケヨッ,カケヨッ	かけよっ
名詞,サ変接続,*,*,*,*,自制,ジセイ,ジセイ	我慢
動詞,自立,*,*,五段・ラ行,未然ウ接続,しかる,シカロ,シカロ	怒ろ
動詞,自立,*,*,五段・ラ行,基本形,しかる,シカル,シカル	怒る
名詞,一般,*,*,*,*,生まれ,ウマレ,ウマレ	出身
副詞,一般,*,*,*,*,だいぶん,ダイブン,ダイブン	とても
動詞,自立,*,*,五段・ラ行,連用タ接続,がんばる,ガンバッ,ガンバッ	頑張っ
動詞,自立,*,*,五段・カ行イ音便,未然形,たたく,タタカ,タタカ	叩か
形容詞,自立,*,*,形容詞・アウオ段,基本形,わるい,ワルイ,ワルイ	悪い
名詞,代名詞,一般,*,*,*,どなた,ドナタ,ドナタ	誰
副詞,一般,*,*,*,*,仮に,カリニ,カリニ	もし
名詞,サ変接続,*,*,*,*,休養,キュウヨウ,キューヨー	休み
動詞,自立,*,*,一段,連用形,間違える,マチガエ,マチガエ	間違っ
名詞,一般,*,*,*,*,兄弟,キョウダイ,キョーダイ	家族
名詞,一般,*,*,*,*,ブリッジ,ブリッジ,ブリッジ	橋
副詞,一般,*,*,*,*,又,マタ,マタ	また
動詞,自立,*,*,五段・サ行,連用形,さがす,サガシ,サガシ	探し
動詞,自立,*,*,一段,連用形,行ける,イケ,イケ	なり
名詞,一般,*,*,*,*,ホイール,ホイール,ホイール	タイヤ
動詞,自立,*,*,五段・ラ行,連用タ接続,塗る,ヌッ,ヌッ	し
名詞,一般,*,*,*,*,三つ,ミッツ,ミッツ	３つ
動詞,自立,*,*,一段,連用形,勤める,ツトメ,ツトメ	働い
名詞,一般,*,*,*,*,炎症,エンショウ,エンショー	異常
名詞,サ変接続,*,*,*,*,暗示,アンジ,アンジ	意味
形容詞,自立,*,*,形容詞・イ段,ガル接続,やかましい,ヤカマシ,ヤカマシ	うるさ
動詞,自立,*,*,五段・ワ行促音便,基本形,救う,スクウ,スクウ	助ける
名詞,接尾,一般,*,*,*,向け,ムケ,ムケ	用
副詞,一般,*,*,*,*,さすが,サスガ,サスガ	やっぱり
動詞,自立,*,*,五段・サ行,未然形,成す,ナサ,ナサ	持た
動詞,自立,*,*,五段・タ行,連用タ接続,発つ,タッ,タッ	行っ
名詞,形容動詞語幹,*,*,*,*,単調,タンチョウ,タンチョー	簡単
名詞,サ変接続,*,*,*,*,注文,チュウモン,チューモン	お願い
名詞,一般,*,*,*,*,立つ瀬,タツセ,タツセ	立場
動詞,自立,*,*,一段,未然形,埋め合わせる,ウメアワセ,ウメアワセ	補わ
副詞,一般,*,*,*,*,大して,タイシテ,タイシテ	あまり
動詞,自立,*,*,一段,未然形,終える,オエ,オエ	果たさ
名詞,一般,*,*,*,*,入試,ニュウシ,ニューシ	試験
副詞,一般,*,*,*,*,ばったり,バッタリ,バッタリ	突然
形容詞,自立,*,*,形容詞・イ段,連用テ接続,うれしい,ウレシク,ウレシク	嬉しく
名詞,サ変接続,*,*,*,*,パーティ,パーティ,パーティ	会
名詞,一般,*,*,*,*,カロリー,カロリー,カロリー	エネルギー
名詞,副詞可能,*,*,*,*,正午,ショウゴ,ショーゴ	昼
名詞,一般,*,*,*,*,真ん中,マンナカ,マンナカ	中心
形容詞,自立,*,*,形容詞・イ段,連用タ接続,おいしい,オイシカッ,オイシカッ	美味しかっ
動詞,自立,*,*,五段・サ行,連用形,なくす,ナクシ,ナクシ	失っ
形容詞,自立,*,*,形容詞・アウオ段,ガル接続,うまい,ウマ,ウマ	美味し
名詞,一般,*,*,*,*,拳銃,ケンジュウ,ケンジュー	銃
動詞,自立,*,*,一段,基本形,間違える,マチガエル,マチガエル	間違う
名詞,サ変接続,*,*,*,*,繁盛,ハンジョウ,ハンジョー	活動
動詞,自立,*,*,五段・ラ行,基本形,眠る,ネムル,ネムル	寝る
副詞,一般,*,*,*,*,ほとほと,ホトホト,ホトホト	全く
形容詞,自立,*,*,形容詞・イ段,基本形,たくましい,タクマシイ,タクマシイ	強い
動詞,自立,*,*,五段・ラ行,基本形,来る,キタル,キタル	行く
副詞,一般,*,*,*,*,ぶらぶら,ブラブラ,ブラブラ	ゆっくり
名詞,一般,*,*,*,*,活気,カッキ,カッキ	元気
動詞,自立,*,*,五段・サ行,基本形,愛す,アイス,アイス	愛する
動詞,自立,*,*,五段・サ行,連用形,下ろす,オロシ,オロシ	おい
接頭詞,数接続,*,*,*,*,およそ,オヨソ,オヨソ	約
名詞,一般,*,*,*,*,ツアー,ツアー,ツアー	旅行
動詞,自立,*,*,五段・サ行,基本形,逃げ出す,ニゲダス,ニゲダス	逃げる
動詞,自立,*,*,五段・ラ行,連用タ接続,取りかかる,トリカカッ,トリカカッ	始め
名詞,一般,*,*,*,*,胃,イ,イ	腹
動詞,自立,*,*,一段,連用形,ながめる,ナガメ,ナガメ	見
形容詞,自立,*,*,形容詞・アウオ段,基本形,つらい,ツライ,ツライ	厳しい
名詞,一般,*,*,*,*,年頃,トシゴロ,トシゴロ	年
動詞,自立,*,*,一段,未然形,建てる,タテ,タテ	立て
名詞,一般,*,*,*,*,時刻,ジコク,ジコク	時間
名詞,サ変接続,*,*,*,*,感嘆,カンタン,カンタン	感動
名詞,一般,*,*,*,*,パワー,パワー,パワー	力
名詞,一般,*,*,*,*,賜物,タマモノ,タマモノ	結果
名詞,サ変接続,*,*,*,*,合意,ゴウイ,ゴーイ	賛成
名詞,形容動詞語幹,*,*,*,*,簡潔,カンケツ,カンケツ	簡単
名詞,一般,*,*,*,*,けが,ケガ,ケガ	怪我
動詞,自立,*,*,五段・カ行イ音便,連用形,省く,ハブキ,ハブキ	除き
名詞,サ変接続,*,*,*,*,改造,カイゾウ,カイゾー	変更
動詞,自立,*,*,一段,基本形,会える,アエル,アエル	会う
動詞,自立,*,*,五段・サ行,基本形,越す,コス,コス	超える
名詞,サ変接続,*,*,*,*,がまん,ガマン,ガマン	我慢
副詞,一般,*,*,*,*,めっきり,メッキリ,メッキリ	もう
名詞,一般,*,*,*,*,ダブル,ダブル,ダブル	２つ
名詞,一般,*,*,*,*,舟,フネ,フネ	船
動詞,自立,*,*,五段・サ行,連用形,さしだす,サシダシ,サシダシ	出し
名詞,一般,*,*,*,*,景気,ケイキ,ケイキ	調子
名詞,一般,*,*,*,*,ぼうし,ボウシ,ボウシ	帽子
動詞,自立,*,*,五段・ワ行促音便,連用タ接続,向かい合う,ムカイアッ,ムカイアッ	向かっ
動詞,自立,*,*,五段・サ行,連用形,見回す,ミマワシ,ミマワシ	見
名詞,一般,*,*,*,*,くだもの,クダモノ,クダモノ	果物
動詞,非自立,*,*,五段・サ行,連用形,直す,ナオシ,ナオシ	なおし
名詞,一般,*,*,*,*,ゆり,ユリ,ユリ	花
動詞,自立,*,*,五段・ラ行,基本形,おっしゃる,オッシャル,オッシャル	言う
名詞,サ変接続,*,*,*,*,両替,リョウガエ,リョーガエ	交換
形容詞,自立,*,*,形容詞・アウオ段,基本形,ぬるい,ヌルイ,ヌルイ	あたたかい
名詞,一般,*,*,*,*,とけい,トケイ,トケイ	時計
動詞,自立,*,*,五段・ラ行,連用タ接続,しかる,シカッ,シカッ	怒っ
動詞,自立,*,*,五段・マ行,未然形,悩む,ナヤマ,ナヤマ	困ら
名詞,一般,*,*,*,*,用紙,ヨウシ,ヨーシ	紙
名詞,一般,*,*,*,*,行事,ギョウジ,ギョージ	活動
名詞,一般,*,*,*,*,山脈,サンミャク,サンミャク	山
動詞,自立,*,*,一段,連用形,秘める,ヒメ,ヒメ	隠し
動詞,自立,*,*,五段・サ行,連用形,いたす,イタシ,イタシ	し
副詞,一般,*,*,*,*,二度と,ニドト,ニドト	もう
動詞,自立,*,*,五段・ラ行,連用タ接続,取り去る,トリサッ,トリサッ	捨て
名詞,一般,*,*,*,*,費用,ヒヨウ,ヒヨー	お金
名詞,サ変接続,*,*,*,*,塩梅,アンバイ,アンバイ	具合
副詞,助詞類接続,*,*,*,*,チョット,チョット,チョット	少し
名詞,一般,*,*,*,*,匂い,ニオイ,ニオイ	におい
名詞,一般,*,*,*,*,ボート,ボート,ボート	船
副詞,助詞類接続,*,*,*,*,たった,タッタ,タッタ	ちょうど
感動詞,*,*,*,*,*,やれやれ,ヤレヤレ,ヤレヤレ	ああ
名詞,形容動詞語幹,*,*,*,*,清潔,セイケツ,セイケツ	きれい
名詞,一般,*,*,*,*,底,ソコ,ソコ	そこ
動詞,自立,*,*,五段・カ行イ音便,連用タ接続,利く,キイ,キイ	きい
名詞,一般,*,*,*,*,言質,ゲンチ,ゲンチ	質問
形容詞,自立,*,*,形容詞・イ段,基本形,騒がしい,サワガシイ,サワガシイ	うるさい
形容詞,自立,*,*,形容詞・イ段,ガル接続,むずかしい,ムズカシ,ムズカシ	難し
動詞,自立,*,*,五段・ラ行,連用タ接続,載る,ノッ,ノッ	乗っ
名詞,一般,*,*,*,*,虜,トリコ,トリコ	ファン
副詞,一般,*,*,*,*,はたして,ハタシテ,ハタシテ	本当に
名詞,形容動詞語幹,*,*,*,*,率直,ソッチョク,ソッチョク	正直
名詞,一般,*,*,*,*,風景,フウケイ,フーケイ	景色
副詞,助詞類接続,*,*,*,*,そろそろ,ソロソロ,ソロソロ	もうすぐ
形容詞,自立,*,*,形容詞・イ段,ガル接続,やさしい,ヤサシ,ヤサシ	優し
動詞,自立,*,*,一段,連用形,たれる,タレ,タレ	かかっ
動詞,自立,*,*,一段,未然ウ接続,辞める,ヤメヨ,ヤメヨ	やめよ
動詞,自立,*,*,五段・ラ行,未然形,閉まる,シマラ,シマラ	閉じ
動詞,自立,*,*,五段・ワ行促音便,連用形,はらう,ハライ,ハライ	払い
動詞,自立,*,*,五段・サ行,連用形,流す,ナガシ,ナガシ	出し
動詞,自立,*,*,一段,連用形,漏れる,モレ,モレ	出
動詞,自立,*,*,五段・ラ行,連用形,はかどる,ハカドリ,ハカドリ	進み
動詞,自立,*,*,一段,基本形,告げる,ツゲル,ツゲル	伝える
名詞,一般,*,*,*,*,屈辱,クツジョク,クツジョク	批判
副詞,一般,*,*,*,*,どんなに,ドンナニ,ドンナニ	どれほど
動詞,自立,*,*,五段・ラ行,未然ウ接続,閉まる,シマロ,シマロ	閉じよ
名詞,サ変接続,*,*,*,*,出張,シュッチョウ,シュッチョー	仕事
動詞,自立,*,*,五段・ラ行,未然形,しかる,シカラ,シカラ	怒ら
接続詞,*,*,*,*,*,たとえば,タトエバ,タトエバ	例えば
名詞,一般,*,*,*,*,ハガキ,ハガキ,ハガキ	手紙
名詞,一般,*,*,*,*,香り,カオリ,カオリ	におい
動詞,自立,*,*,一段,連用形,取れる,トレ,トレ	とっ
動詞,自立,*,*,五段・タ行,未然形,役立つ,ヤクダタ,ヤクダタ	役に立た
名詞,サ変接続,*,*,*,*,おねがい,オネガイ,オネガイ	お願い
動詞,自立,*,*,五段・ラ行,基本形,去る,サル,サル	出る
副詞,一般,*,*,*,*,いくぶん,イクブン,イクブン	とても
名詞,形容動詞語幹,*,*,*,*,気の毒,キノドク,キノドク	残念
名詞,一般,*,*,*,*,ビル,ビル,ビル	建物
名詞,一般,*,*,*,*,戦い,タタカイ,タタカイ	競争
動詞,自立,*,*,五段・ガ行,基本形,引き継ぐ,ヒキツグ,ヒキツグ	続ける
動詞,自立,*,*,一段,未然形,居合わせる,イアワセ,イアワセ	居
形容詞,自立,*,*,形容詞・アウオ段,基本形,蒸し暑い,ムシアツイ,ムシアツイ	暑い
動詞,自立,*,*,一段,未然形,あきらめる,アキラメ,アキラメ	やめ
形容詞,自立,*,*,形容詞・イ段,ガル接続,うれしい,ウレシ,ウレシ	嬉し
動詞,自立,*,*,一段,連用形,やれる,ヤレ,ヤレ	でき
動詞,自立,*,*,一段,連用形,着替える,キガエ,キガエ	変え
動詞,自立,*,*,一段,連用形,わける,ワケ,ワケ	分け
名詞,一般,*,*,*,*,オフレコ,オフレコ,オフレコ	秘密
名詞,一般,*,*,*,*,荷作り,ニヅクリ,ニズクリ	準備
連体詞,*,*,*,*,*,あんな,アンナ,アンナ	そんな
動詞,自立,*,*,五段・サ行,連用形,飛ばす,トバシ,トバシ	し
動詞,自立,*,*,五段・ワ行促音便,連用タ接続,嫌う,キラッ,キラッ	嫌がっ
名詞,一般,*,*,*,*,ケガ,ケガ,ケガ	怪我
名詞,一般,*,*,*,*,おのおの,オノオノ,オノオノ	それぞれ
名詞,一般,*,*,*,*,外観,ガイカン,ガイカン	見た目
名詞,サ変接続,*,*,*,*,公演,コウエン,コーエン	発表
名詞,一般,*,*,*,*,愛情,アイジョウ,アイジョー	愛
副詞,一般,*,*,*,*,ちらっと,チラット,チラット	少し
動詞,非自立,*,*,一段,連用形,はじめる,ハジメ,ハジメ	始め
動詞,自立,*,*,五段・ラ行,連用タ接続,ふる,フッ,フッ	降っ
動詞,自立,*,*,五段・ワ行促音便,連用形,つき合う,ツキアイ,ツキアイ	話し
動詞,自立,*,*,一段,未然形,おきる,オキ,オキ	起き
名詞,一般,*,*,*,*,雨あし,アマアシ,アマアシ	雨
副詞,一般,*,*,*,*,恐らく,オソラク,オソラク	おそらく
名詞,一般,*,*,*,*,風習,フウシュウ,フーシュー	習慣
名詞,一般,*,*,*,*,降り,フリ,フリ	雨
名詞,一般,*,*,*,*,イベント,イベント,イベント	企画
名詞,サ変接続,*,*,*,*,おまけ,オマケ,オマケ	それ
名詞,一般,*,*,*,*,定刻,テイコク,テイコク	通常
名詞,副詞可能,*,*,*,*,近ごろ,チカゴロ,チカゴロ	最近
名詞,一般,*,*,*,*,付き合い,ツキアイ,ツキアイ	関係
名詞,サ変接続,*,*,*,*,討議,トウギ,トーギ	会議
動詞,自立,*,*,五段・ワ行促音便,連用タ接続,取り合う,トリアッ,トリアッ	取っ
動詞,自立,*,*,一段,連用形,付ける,ツケ,ツケ	つけ
名詞,一般,*,*,*,*,答,コタエ,コタエ	答え
副詞,一般,*,*,*,*,けっして,ケッシテ,ケッシテ	決して
副詞,一般,*,*,*,*,一目,ヒトメ,ヒトメ	ちょっと
動詞,自立,*,*,一段,連用形,おきる,オキ,オキ	起き
名詞,一般,*,*,*,*,景観,ケイカン,ケイカン	景色
名詞,サ変接続,*,*,*,*,用心,ヨウジン,ヨージン	注意
動詞,自立,*,*,一段,連用形,思える,オモエ,オモエ	思っ
動詞,自立,*,*,五段・サ行,未然ウ接続,つぶす,ツブソ,ツブソ	使お
名詞,一般,*,*,*,*,女房,ニョウボウ,ニョーボー	妻
動詞,自立,*,*,五段・サ行,基本形,引き起こす,ヒキオコス,ヒキオコス	起こす
動詞,自立,*,*,サ変・−スル,基本形,屈する,クッスル,クッスル	負ける
名詞,一般,*,*,*,*,お辞儀,オジギ,オジギ	挨拶
動詞,自立,*,*,五段・サ行,基本形,そらす,ソラス,ソラス	変える
名詞,一般,*,*,*,*,くつ,クツ,クツ	靴
副詞,助詞類接続,*,*,*,*,色々,イロイロ,イロイロ	いろいろ
名詞,一般,*,*,*,*,銅貨,ドウカ,ドーカ	コイン
名詞,サ変接続,*,*,*,*,オーバー,オーバー,オーバー	コート
名詞,一般,*,*,*,*,手仕事,テシゴト,テシゴト	手作業
形容詞,自立,*,*,形容詞・イ段,ガル接続,おいしい,オイシ,オイシ	美味し
名詞,一般,*,*,*,*,ベンチ,ベンチ,ベンチ	椅子
形容詞,非自立,*,*,形容詞・イ段,連用テ接続,ほしい,ホシク,ホシク	欲しく
名詞,一般,*,*,*,*,アイデア,アイデア,アイデア	考え
名詞,副詞可能,*,*,*,*,当初,トウショ,トーショ	最初
副詞,一般,*,*,*,*,時たま,トキタマ,トキタマ	時々
動詞,自立,*,*,五段・ラ行,連用タ接続,計る,ハカッ,ハカッ	調べ
名詞,一般,*,*,*,*,扉,トビラ,トビラ	ドア
名詞,一般,*,*,*,*,ひとこと,ヒトコト,ヒトコト	何
動詞,自立,*,*,五段・カ行イ音便,連用タ接続,寝つく,ネツイ,ネツイ	寝
動詞,自立,*,*,五段・カ行促音便ユク,未然形,ゆく,ユカ,ユカ	いか
動詞,自立,*,*,五段・カ行イ音便,基本形,省く,ハブク,ハブク	除く
名詞,サ変接続,*,*,*,*,リラックス,リラックス,リラックス	安心
動詞,自立,*,*,五段・カ行イ音便,連用形,磨く,ミガキ,ミガキ	し
名詞,一般,*,*,*,*,機嫌,キゲン,キゲン	気分
名詞,接尾,副詞可能,*,*,*,辺り,アタリ,アタリ	あたり
名詞,一般,*,*,*,*,手がかり,テガカリ,テガカリ	情報
名詞,一般,*,*,*,*,友,トモ,トモ	友達
動詞,自立,*,*,五段・ラ行,基本形,塗る,ヌル,ヌル	作る
形容詞,自立,*,*,形容詞・アウオ段,基本形,ちかい,チカイ,チカイ	近い
動詞,自立,*,*,一段,連用形,崩れ落ちる,クズレオチ,クズレオチ	落ち
動詞,非自立,*,*,五段・ラ行特殊,命令ｉ,いらっしゃる,イラッシャイ,イラッシャイ	来い
名詞,一般,*,*,*,*,慣習,カンシュウ,カンシュー	習慣
動詞,自立,*,*,五段・マ行,連用タ接続,こむ,コン,コン	混ん
名詞,一般,*,*,*,*,騒ぎ,サワギ,サワギ	事件
名詞,数,*,*,*,*,七,ナナ,ナナ	７
名詞,サ変接続,*,*,*,*,点検,テンケン,テンケン	確認
名詞,一般,*,*,*,*,かみさん,カミサン,カミサン	奥さん
名詞,副詞可能,*,*,*,*,一生懸命,イッショウケンメイ,イッショーケンメイ	努力
動詞,自立,*,*,一段,連用形,乗せる,ノセ,ノセ	連れ
動詞,自立,*,*,五段・ラ行,基本形,譲る,ユズル,ユズル	任せる
動詞,自立,*,*,五段・ラ行,連用タ接続,譲る,ユズッ,ユズッ	あげ
動詞,自立,*,*,五段・カ行イ音便,連用タ接続,招く,マネイ,マネイ	起こし
副詞,一般,*,*,*,*,一体全体,イッタイゼンタイ,イッタイゼンタイ	いったい全体
動詞,自立,*,*,五段・カ行イ音便,連用タ接続,就く,ツイ,ツイ	つい
動詞,自立,*,*,一段,連用形,覚める,サメ,サメ	起き
動詞,自立,*,*,五段・ラ行,連用タ接続,横切る,ヨコギッ,ヨコギッ	渡っ
名詞,一般,*,*,*,*,宿屋,ヤドヤ,ヤドヤ	ホテル
動詞,自立,*,*,五段・マ行,連用形,つむ,ツミ,ツミ	取り
動詞,自立,*,*,五段・ラ行,未然形,のる,ノラ,ノラ	乗ら
名詞,一般,*,*,*,*,船便,フナビン,フナビン	船
動詞,自立,*,*,一段,基本形,扱える,アツカエル,アツカエル	使える
動詞,自立,*,*,五段・サ行,連用形,取り壊す,トリコワシ,トリコワシ	壊し
動詞,自立,*,*,五段・ラ行,基本形,立ち寄る,タチヨル,タチヨル	行く
動詞,自立,*,*,五段・ラ行,連用形,しゃべる,シャベリ,シャベリ	話し
名詞,サ変接続,*,*,*,*,誤解,ゴカイ,ゴカイ	間違い
名詞,サ変接続,*,*,*,*,支度,シタク,シタク	準備
動詞,自立,*,*,五段・カ行イ音便,連用形,空く,アキ,アキ	読み
名詞,副詞可能,*,*,*,*,始め,ハジメ,ハジメ	最初
感動詞,*,*,*,*,*,あぁ,アァ,アー	ああ
名詞,一般,*,*,*,*,叔父さん,オジサン,オジサン	おじさん
名詞,一般,*,*,*,*,多額,タガク,タガク	多く
動詞,自立,*,*,一段,連用形,ねる,ネ,ネ	寝
副詞,助詞類接続,*,*,*,*,多少,タショウ,タショー	少し
形容詞,非自立,*,*,形容詞・イ段,ガル接続,ほしい,ホシ,ホシ	欲しい
感動詞,*,*,*,*,*,もしもし,モシモシ,モシモシ	すみません
名詞,一般,*,*,*,*,夕飯,ユウハン,ユーハン	夕食
副詞,一般,*,*,*,*,かりに,カリニ,カリニ	もし
名詞,一般,*,*,*,*,児童,ジドウ,ジドー	子供
記号,一般,*,*,*,*,々,々,々	、
名詞,形容動詞語幹,*,*,*,*,名誉,メイヨ,メイヨ	自慢
動詞,自立,*,*,五段・ワ行促音便,連用タ接続,語り合う,カタリアッ,カタリアッ	話し
名詞,サ変接続,*,*,*,*,競技,キョウギ,キョーギ	運動
名詞,一般,*,*,*,*,手初め,テハジメ,テハジメ	最初
名詞,一般,*,*,*,*,いぬ,イヌ,イヌ	犬
名詞,一般,*,*,*,*,ブロック,ブロック,ブロック	地域
名詞,一般,*,*,*,*,教え子,オシエゴ,オシエゴ	学生
名詞,一般,*,*,*,*,多量,タリョウ,タリョー	多く
名詞,一般,*,*,*,*,生き物,イキモノ,イキモノ	生物
名詞,一般,*,*,*,*,つきあい,ツキアイ,ツキアイ	関係
名詞,サ変接続,*,*,*,*,掃除,ソウジ,ソージ	整理
動詞,自立,*,*,一段,基本形,打ち明ける,ウチアケル,ウチアケル	話す
名詞,一般,*,*,*,*,用例,ヨウレイ,ヨーレイ	例
名詞,一般,*,*,*,*,スイッチ,スイッチ,スイッチ	電気
名詞,一般,*,*,*,*,地面,ジメン,ジメン	下
接頭詞,動詞接続,*,*,*,*,御,オ,オ	お
動詞,自立,*,*,五段・ラ行,連用形,がんばる,ガンバリ,ガンバリ	頑張り
動詞,自立,*,*,五段・ワ行促音便,基本形,うたう,ウタウ,ウタウ	歌う
副詞,助詞類接続,*,*,*,*,ぐずぐず,グズグズ,グズグズ	ゆっくり
動詞,自立,*,*,一段,連用形,ひっかける,ヒッカケ,ヒッカケ	かけ
動詞,自立,*,*,一段,連用形,溶ける,トケ,トケ	なくなっ
動詞,自立,*,*,五段・ラ行,連用タ接続,刈る,カッ,カッ	切っ
名詞,一般,*,*,*,*,小遣い,コヅカイ,コズカイ	お金
動詞,自立,*,*,一段,未然形,通える,カヨエ,カヨエ	行か
名詞,接尾,助数詞,*,*,*,ダース,ダース,ダース	セット
名詞,一般,*,*,*,*,片方,カタホウ,カタホー	一方
動詞,自立,*,*,五段・ラ行,連用形,きる,キリ,キリ	切り
動詞,自立,*,*,五段・ラ行,未然形,叱る,シカラ,シカラ	怒ら
動詞,自立,*,*,五段・ワ行促音便,連用形,取り扱う,トリアツカイ,トリアツカイ	やり
名詞,一般,*,*,*,*,正夢,マサユメ,マサユメ	現実
動詞,自立,*,*,一段,連用形,まかせる,マカセ,マカセ	任せ
動詞,自立,*,*,五段・マ行,連用形,済む,スミ,スミ	終わり
動詞,自立,*,*,一段,基本形,きこえる,キコエル,キコエル	聞こえる
名詞,一般,*,*,*,*,年金,ネンキン,ネンキン	金
名詞,サ変接続,*,*,*,*,アナウンス,アナウンス,アナウンス	放送
名詞,一般,*,*,*,*,趣旨,シュシ,シュシ	意味
動詞,自立,*,*,五段・マ行,連用形,微笑む,ホホエミ,ホホエミ	笑い
名詞,一般,*,*,*,*,奴,ヤッコ,ヤッコ	人
動詞,自立,*,*,五段・ワ行促音便,連用タ接続,愛し合う,アイシアッ,アイシアッ	愛し
動詞,自立,*,*,五段・カ行イ音便,連用形,とっつく,トッツキ,トッツキ	話し
名詞,サ変接続,*,*,*,*,調理,チョウリ,チョーリ	料理
動詞,自立,*,*,五段・ラ行,基本形,交わる,マジワル,マジワル	かかわる
副詞,一般,*,*,*,*,だいぶ,ダイブ,ダイブ	かなり
名詞,一般,*,*,*,*,じいさん,ジイサン,ジーサン	おじさん
動詞,自立,*,*,一段,未然形,とめる,トメ,トメ	止め
名詞,サ変接続,*,*,*,*,釈明,シャクメイ,シャクメイ	説明
名詞,一般,*,*,*,*,思い出,オモイデ,オモイデ	記憶
動詞,自立,*,*,一段,連用形,存じる,ゾンジ,ゾンジ	知っ
名詞,一般,*,*,*,*,乗客,ジョウキャク,ジョーキャク	人
名詞,一般,*,*,*,*,植木,ウエキ,ウエキ	植物
動詞,自立,*,*,五段・カ行イ音便,基本形,砕く,クダク,クダク	壊す
名詞,サ変接続,*,*,*,*,可決,カケツ,カケツ	賛成
動詞,自立,*,*,五段・サ行,連用形,たす,タシ,タシ	入れ
名詞,一般,*,*,*,*,氏名,シメイ,シメイ	名前
名詞,一般,*,*,*,*,証拠,ショウコ,ショーコ	事実
名詞,サ変接続,*,*,*,*,自立,ジリツ,ジリツ	独立
動詞,自立,*,*,五段・ラ行,未然形,立ち上がる,タチアガラ,タチアガラ	つか
動詞,自立,*,*,五段・サ行,連用形,よこす,ヨコシ,ヨコシ	し
動詞,自立,*,*,一段,基本形,あきらめる,アキラメル,アキラメル	やめる
動詞,自立,*,*,一段,未然形,はける,ハケ,ハケ	合わ
動詞,自立,*,*,一段,基本形,産まれる,ウマレル,ウマレル	生まれる
動詞,自立,*,*,五段・カ行イ音便,連用形,聴く,キキ,キキ	聞き
動詞,自立,*,*,一段,基本形,とめる,トメル,トメル	止める
名詞,一般,*,*,*,*,月並み,ツキナミ,ツキナミ	普通
動詞,自立,*,*,一段,未然形,負える,オエ,オエ	分から
動詞,自立,*,*,一段,未然形,見分ける,ミワケ,ミワケ	見つけ
名詞,一般,*,*,*,*,秩序,チツジョ,チツジョ	安全
名詞,代名詞,一般,*,*,*,そっち,ソッチ,ソッチ	あなた
名詞,一般,*,*,*,*,カーネーション,カーネーション,カーネーション	花
動詞,自立,*,*,五段・ラ行,連用タ接続,握る,ニギッ,ニギッ	捕まえ
名詞,形容動詞語幹,*,*,*,*,得意,トクイ,トクイ	好き
名詞,一般,*,*,*,*,小包,コヅツミ,コズツミ	荷物
動詞,自立,*,*,五段・マ行,連用タ接続,のむ,ノン,ノン	飲ん
動詞,自立,*,*,一段,連用形,おくれる,オクレ,オクレ	遅れ
名詞,サ変接続,*,*,*,*,説得,セットク,セットク	説明
形容詞,自立,*,*,形容詞・イ段,連用タ接続,とげとげしい,トゲトゲシカッ,トゲトゲシカッ	ひどかっ
名詞,形容動詞語幹,*,*,*,*,憂鬱,ユウウツ,ユーウツ	嫌
動詞,自立,*,*,一段,連用形,くらべる,クラベ,クラベ	比べ
名詞,一般,*,*,*,*,がん,ガン,ガン	ガン
形容詞,自立,*,*,形容詞・イ段,基本形,はげしい,ハゲシイ,ハゲシイ	厳しい
名詞,形容動詞語幹,*,*,*,*,平ら,タイラ,タイラ	安全
動詞,自立,*,*,五段・ワ行促音便,基本形,ゆう,ユウ,ユウ	言う
名詞,非自立,副詞可能,*,*,*,なか,ナカ,ナカ	中
名詞,サ変接続,*,*,*,*,お礼,オレイ,オレイ	感謝
形容詞,自立,*,*,形容詞・イ段,基本形,乏しい,トボシイ,トボシイ	ない
名詞,一般,*,*,*,*,合衆国,ガッシュウコク,ガッシューコク	アメリカ
名詞,一般,*,*,*,*,間,マ,マ	時間
名詞,サ変接続,*,*,*,*,呼吸,コキュウ,コキュー	息
動詞,自立,*,*,五段・カ行イ音便,未然形,気付く,キヅカ,キズカ	気がつか
動詞,自立,*,*,五段・ラ行,連用タ接続,寄る,ヨッ,ヨッ	行っ
名詞,サ変接続,*,*,*,*,決断,ケツダン,ケツダン	判断
名詞,一般,*,*,*,*,誤植,ゴショク,ゴショク	間違い
名詞,一般,*,*,*,*,火の気,ヒノケ,ヒノケ	火
動詞,自立,*,*,五段・サ行,連用形,はなす,ハナシ,ハナシ	話し
動詞,自立,*,*,五段・ワ行促音便,連用タ接続,助け合う,タスケアッ,タスケアッ	助け
動詞,自立,*,*,五段・サ行,基本形,しでかす,シデカス,シデカス	する
動詞,自立,*,*,五段・サ行,未然形,現す,アラワサ,アラワサ	見せ
動詞,自立,*,*,五段・タ行,基本形,経つ,タツ,タツ	過ぎる
動詞,自立,*,*,一段,未然形,やり遂げる,ヤリトゲ,ヤリトゲ	やら
名詞,一般,*,*,*,*,洋服,ヨウフク,ヨーフク	服
名詞,一般,*,*,*,*,ひととき,ヒトトキ,ヒトトキ	時間
動詞,自立,*,*,一段,連用形,さしあげる,サシアゲ,サシアゲ	あげ
動詞,自立,*,*,五段・ワ行促音便,基本形,付き合う,ツキアウ,ツキアウ	かかわる
名詞,一般,*,*,*,*,糧,カテ,カテ	意味
動詞,自立,*,*,五段・ワ行促音便,基本形,触れ合う,フレアウ,フレアウ	遊ぶ
動詞,自立,*,*,五段・ワ行促音便,連用タ接続,まにあう,マニアッ,マニアッ	間にあっ
動詞,自立,*,*,五段・ラ行,基本形,振り返る,フリカエル,フリカエル	見る
動詞,自立,*,*,五段・ラ行特殊,連用タ接続,下さる,クダサッ,クダサッ	くださっ
名詞,サ変接続,*,*,*,*,往来,オウライ,オーライ	移動
形容詞,自立,*,*,形容詞・イ段,基本形,やさしい,ヤサシイ,ヤサシイ	優しい
名詞,一般,*,*,*,*,けんか,ケンカ,ケンカ	喧嘩
名詞,一般,*,*,*,*,金庫,キンコ,キンコ	銀行
名詞,サ変接続,*,*,*,*,区別,クベツ,クベツ	判断
副詞,一般,*,*,*,*,ろくに,ロクニ,ロクニ	ほとんど
動詞,自立,*,*,五段・ラ行,基本形,おちいる,オチイル,オチイル	落ちる
名詞,一般,*,*,*,*,寺院,ジイン,ジイン	寺
名詞,一般,*,*,*,*,皆様,ミナサマ,ミナサマ	みんな
名詞,一般,*,*,*,*,言い分,イイブン,イーブン	意見
名詞,一般,*,*,*,*,オフィス,オフィス,オフィス	会社
動詞,自立,*,*,一段,連用形,みつける,ミツケ,ミツケ	見つけ
動詞,自立,*,*,一段,連用形,眺める,ナガメ,ナガメ	見
動詞,自立,*,*,一段,連用形,命じる,メイジ,メイジ	言っ
副詞,一般,*,*,*,*,いまや,イマヤ,イマヤ	今や
名詞,サ変接続,*,*,*,*,返答,ヘントウ,ヘントー	返事
副詞,一般,*,*,*,*,いよいよ,イヨイヨ,イヨイヨ	ついに
名詞,一般,*,*,*,*,モーター,モーター,モーター	エンジン
動詞,自立,*,*,五段・サ行,未然形,飛ばす,トバサ,トバサ	取ら
名詞,一般,*,*,*,*,ふろ,フロ,フロ	風呂
形容詞,自立,*,*,形容詞・イ段,基本形,弱々しい,ヨワヨワシイ,ヨワヨワシイ	弱い
名詞,一般,*,*,*,*,えんぴつ,エンピツ,エンピツ	鉛筆
名詞,サ変接続,*,*,*,*,暗記,アンキ,アンキ	記憶
動詞,自立,*,*,五段・カ行促音便ユク,仮定形,ゆく,ユケ,ユケ	行け
名詞,一般,*,*,*,*,乾電池,カンデンチ,カンデンチ	電池
名詞,形容動詞語幹,*,*,*,*,無茶,ムチャ,ムチャ	無理
名詞,サ変接続,*,*,*,*,扱い,アツカイ,アツカイ	世話
動詞,自立,*,*,五段・ラ行,連用タ接続,聞き入る,キキイッ,キキイッ	聞い
動詞,自立,*,*,五段・ラ行,未然形,とおる,トオラ,トーラ	通ら
名詞,形容動詞語幹,*,*,*,*,豊富,ホウフ,ホーフ	豊か
動詞,自立,*,*,五段・サ行,未然形,なぎ倒す,ナギタオサ,ナギタオサ	倒さ
名詞,副詞可能,*,*,*,*,一足,イッソク,イッソク	１つ
動詞,自立,*,*,五段・ラ行,基本形,有る,アル,アル	ある
名詞,一般,*,*,*,*,飲物,ノミモノ,ノミモノ	飲み物
名詞,一般,*,*,*,*,ただ,タダ,タダ	普通
副詞,一般,*,*,*,*,いつしか,イツシカ,イツシカ	いつの間にか
動詞,自立,*,*,五段・ワ行促音便,連用タ接続,想う,オモッ,オモッ	考え
名詞,サ変接続,*,*,*,*,離陸,リリク,リリク	出発
形容詞,自立,*,*,形容詞・イ段,基本形,宜しい,ヨロシイ,ヨロシイ	いい
形容詞,自立,*,*,形容詞・アウオ段,仮定形,おもしろい,オモシロケレ,オモシロケレ	面白けれ
名詞,一般,*,*,*,*,コール,コール,コール	電話
形容詞,自立,*,*,形容詞・アウオ段,ガル接続,重い,オモ,オモ	重い
名詞,サ変接続,*,*,*,*,相違,ソウイ,ソーイ	違い
副詞,助詞類接続,*,*,*,*,がつがつ,ガツガツ,ガツガツ	どんどん
名詞,一般,*,*,*,*,お巡り,オマワリ,オマワリ	警察官
名詞,一般,*,*,*,*,コショウ,コショウ,コショー	胡椒
動詞,自立,*,*,五段・ラ行,連用形,有る,アリ,アリ	あり
名詞,形容動詞語幹,*,*,*,*,すき,スキ,スキ	好き
名詞,一般,*,*,*,*,火災,カサイ,カサイ	火事
動詞,自立,*,*,五段・ラ行,連用タ接続,鳴る,ナッ,ナッ	来
名詞,ナイ形容詞語幹,*,*,*,*,たより,タヨリ,タヨリ	手紙
動詞,自立,*,*,一段,基本形,閉める,シメル,シメル	閉じる
動詞,自立,*,*,一段,連用形,かたづける,カタヅケ,カタズケ	片付け
動詞,自立,*,*,五段・ラ行,連用タ接続,叱る,シカッ,シカッ	怒っ
動詞,自立,*,*,一段,連用形,言い換える,イイカエ,イーカエ	変え
動詞,自立,*,*,五段・サ行,基本形,取り壊す,トリコワス,トリコワス	壊す
動詞,自立,*,*,五段・ラ行,連用タ接続,こわがる,コワガッ,コワガッ	怖がっ
形容詞,非自立,*,*,形容詞・イ段,連用タ接続,ほしい,ホシカッ,ホシカッ	欲しかっ
動詞,自立,*,*,五段・サ行,連用形,切り倒す,キリタオシ,キリタオシ	切っ
名詞,非自立,一般,*,*,*,もと,モト,モト	元
形容詞,自立,*,*,形容詞・イ段,基本形,易しい,ヤサシイ,ヤサシイ	優しい
副詞,助詞類接続,*,*,*,*,くしゃくしゃ,クシャクシャ,クシャクシャ	いっぱい
名詞,サ変接続,*,*,*,*,処置,ショチ,ショチ	対応
動詞,自立,*,*,五段・ラ行,連用タ接続,過ぎ去る,スギサッ,スギサッ	過ぎ
名詞,一般,*,*,*,*,踊り,オドリ,オドリ	ダンス
名詞,一般,*,*,*,*,方面,ホウメン,ホーメン	種類
動詞,自立,*,*,五段・サ行,未然形,だす,ダサ,ダサ	出さ
動詞,自立,*,*,五段・ラ行,連用形,喋る,シャベリ,シャベリ	話し
形容詞,自立,*,*,形容詞・イ段,連用タ接続,恐ろしい,オソロシカッ,オソロシカッ	怖かっ
名詞,サ変接続,*,*,*,*,応対,オウタイ,オータイ	対応
名詞,サ変接続,*,*,*,*,けんか,ケンカ,ケンカ	喧嘩
動詞,自立,*,*,五段・ワ行促音便,未然形,かかわり合う,カカワリアワ,カカワリアワ	かかわら
名詞,サ変接続,*,*,*,*,成人,セイジン,セイジン	大人
動詞,自立,*,*,五段・マ行,基本形,悩む,ナヤム,ナヤム	困る
動詞,自立,*,*,五段・ラ行,未然形,走り回る,ハシリマワラ,ハシリマワラ	走ら
動詞,自立,*,*,五段・ラ行,連用形,もどる,モドリ,モドリ	戻り
動詞,自立,*,*,一段,連用形,用立てる,ヨウダテ,ヨーダテ	貸し
動詞,自立,*,*,一段,連用形,つれる,ツレ,ツレ	連れ
動詞,非自立,*,*,一段,基本形,終える,オエル,オエル	終わる
名詞,一般,*,*,*,*,ノー,ノー,ノー	嫌
形容詞,自立,*,*,形容詞・イ段,連用タ接続,たのしい,タノシカッ,タノシカッ	楽しかっ
動詞,自立,*,*,五段・ワ行促音便,基本形,ちがう,チガウ,チガウ	異なる
動詞,自立,*,*,五段・サ行,連用形,駆け出す,カケダシ,カケダシ	走り出し
動詞,自立,*,*,五段・タ行,連用タ接続,たつ,タッ,タッ	立っ
名詞,一般,*,*,*,*,水分,スイブン,スイブン	水
名詞,一般,*,*,*,*,こしょう,コショウ,コショー	胡椒
動詞,自立,*,*,五段・ラ行,未然形,やぶる,ヤブラ,ヤブラ	破ら
形容詞,自立,*,*,形容詞・アウオ段,基本形,とてつもない,トテツモナイ,トテツモナイ	ひどい
名詞,一般,*,*,*,*,写し,ウツシ,ウツシ	コピー
名詞,一般,*,*,*,*,親類,シンルイ,シンルイ	家族
名詞,サ変接続,*,*,*,*,扶養,フヨウ,フヨー	世話
動詞,自立,*,*,一段,連用形,取りやめる,トリヤメ,トリヤメ	やめ
名詞,一般,*,*,*,*,餌,エサ,エサ	食べ物
動詞,自立,*,*,五段・サ行,基本形,作り出す,ツクリダス,ツクリダス	作る
動詞,自立,*,*,五段・サ行,連用形,どかす,ドカシ,ドカシ	動かし
動詞,自立,*,*,五段・ラ行,連用タ接続,せまる,セマッ,セマッ	近づい
動詞,自立,*,*,五段・ラ行特殊,連用形,ござる,ゴザイ,ゴザイ	あり
名詞,接尾,副詞可能,*,*,*,ごろ,ゴロ,ゴロ	頃
動詞,自立,*,*,五段・ワ行促音便,連用形,うかがう,ウカガイ,ウカガイ	訪ね
動詞,自立,*,*,五段・ワ行促音便,連用形,見合う,ミアイ,ミアイ	合い
動詞,自立,*,*,一段,連用形,そむける,ソムケ,ソムケ	隠し
動詞,自立,*,*,五段・サ行,未然形,はなす,ハナサ,ハナサ	話さ
動詞,自立,*,*,五段・ラ行,未然形,焦る,アセラ,アセラ	急が
名詞,一般,*,*,*,*,作物,サクモツ,サクモツ	植物
名詞,一般,*,*,*,*,リムジン,リムジン,リムジン	車
動詞,自立,*,*,一段,連用形,書き留める,カキトメ,カキトメ	書い
動詞,自立,*,*,五段・ラ行,連用形,泊まる,トマリ,トマリ	居
名詞,一般,*,*,*,*,風向き,カザムキ,カザムキ	状況
動詞,自立,*,*,五段・ラ行,基本形,おこる,オコル,オコル	起こる
動詞,自立,*,*,五段・ラ行,連用タ接続,仕上がる,シアガッ,シアガッ	でき
動詞,自立,*,*,五段・ラ行,連用タ接続,言い寄る,イイヨッ,イーヨッ	近づい
動詞,自立,*,*,五段・ワ行促音便,基本形,違う,チガウ,チガウ	異なる
動詞,自立,*,*,一段,連用形,出来る,デキ,デキ	でき
感動詞,*,*,*,*,*,さよなら,サヨナラ,サヨナラ	さようなら
名詞,一般,*,*,*,*,食糧,ショクリョウ,ショクリョー	食べ物
名詞,一般,*,*,*,*,電車,デンシャ,デンシャ	列車
動詞,自立,*,*,五段・ワ行促音便,連用タ接続,かう,カッ,カッ	買っ
名詞,形容動詞語幹,*,*,*,*,無作法,ブサホウ,ブサホー	ダメ
形容詞,自立,*,*,形容詞・アウオ段,基本形,情けない,ナサケナイ,ナサケナイ	悲しい
動詞,自立,*,*,五段・ラ行,基本形,贈る,オクル,オクル	あげる
動詞,自立,*,*,サ変・−ズル,基本形,信ずる,シンズル,シンズル	信じる
動詞,自立,*,*,一段,仮定形,出来る,デキレ,デキレ	できれ
名詞,サ変接続,*,*,*,*,交替,コウタイ,コータイ	順番
名詞,サ変接続,*,*,*,*,勤務,キンム,キンム	仕事
名詞,一般,*,*,*,*,問い,トイ,トイ	質問
動詞,自立,*,*,一段,未然形,出来る,デキ,デキ	でき
動詞,自立,*,*,五段・ラ行,命令ｅ,成る,ナレ,ナレ	なれ
名詞,一般,*,*,*,*,年齢,ネンレイ,ネンレイ	年
動詞,自立,*,*,五段・カ行イ音便,基本形,きづく,キヅク,キズク	気づく
動詞,自立,*,*,五段・ワ行促音便,連用タ接続,おもう,オモッ,オモッ	思っ
名詞,サ変接続,*,*,*,*,ごちそう,ゴチソウ,ゴチソー	食事
動詞,自立,*,*,五段・ラ行,連用タ接続,振り返る,フリカエッ,フリカエッ	見
動詞,自立,*,*,一段,連用形,立てかける,タテカケ,タテカケ	立て
動詞,自立,*,*,一段,基本形,打ち上げる,ウチアゲル,ウチアゲル	上げる
動詞,自立,*,*,五段・ワ行促音便,連用形,おもう,オモイ,オモイ	思い
接頭詞,名詞接続,*,*,*,*,御,ゴ,ゴ	お
動詞,自立,*,*,五段・サ行,連用形,探り出す,サグリダシ,サグリダシ	見つけ
名詞,一般,*,*,*,*,ほん,ホン,ホン	本
動詞,自立,*,*,五段・ラ行,未然形,いびる,イビラ,イビラ	いじめ
名詞,サ変接続,*,*,*,*,集会,シュウカイ,シューカイ	会
動詞,自立,*,*,五段・カ行イ音便,未然形,きく,キカ,キカ	聞か
形容詞,自立,*,*,形容詞・アウオ段,基本形,無い,ナイ,ナイ	ない
名詞,一般,*,*,*,*,スケジュール,スケジュール,スケジュール	計画
動詞,自立,*,*,五段・ワ行促音便,連用形,違う,チガイ,チガイ	異なり
動詞,非自立,*,*,五段・ラ行特殊,命令ｉ,らっしゃる,ラッシャイ,ラッシャイ	来い
副詞,助詞類接続,*,*,*,*,終生,シュウセイ,シューセイ	ずっと
名詞,一般,*,*,*,*,明るみ,アカルミ,アカルミ	表
名詞,形容動詞語幹,*,*,*,*,無駄,ムダ,ムダ	無意味
名詞,一般,*,*,*,*,木蔭,コカゲ,コカゲ	木の下
名詞,一般,*,*,*,*,女性,ジョセイ,ジョセイ	女
副詞,一般,*,*,*,*,じろじろ,ジロジロ,ジロジロ	ずっと
動詞,自立,*,*,一段,連用形,あきらめる,アキラメ,アキラメ	やめ
動詞,自立,*,*,五段・ラ行,連用形,こまる,コマリ,コマリ	困り
動詞,自立,*,*,一段,基本形,取れる,トレル,トレル	できる
動詞,自立,*,*,五段・ワ行促音便,未然形,行う,オコナワ,オコナワ	開か
名詞,一般,*,*,*,*,頭取,トウドリ,トードリ	頭
動詞,非自立,*,*,五段・ワ行促音便,連用タ接続,あう,アッ,アッ	合っ
名詞,サ変接続,*,*,*,*,結論,ケツロン,ケツロン	答え
名詞,一般,*,*,*,*,男性,ダンセイ,ダンセイ	男
名詞,一般,*,*,*,*,クイズ,クイズ,クイズ	質問
動詞,自立,*,*,五段・ワ行促音便,基本形,すう,スウ,スウ	吸う
動詞,自立,*,*,五段・サ行,基本形,もらす,モラス,モラス	話す
動詞,自立,*,*,五段・サ行,連用形,課す,カシ,カシ	任せ
動詞,自立,*,*,一段,基本形,出来る,デキル,デキル	できる
動詞,自立,*,*,五段・ラ行,基本形,もどる,モドル,モドル	戻る
動詞,自立,*,*,五段・カ行イ音便,基本形,ひきさく,ヒキサク,ヒキサク	破る
動詞,自立,*,*,五段・ラ行,基本形,見送る,ミオクル,ミオクル	送る
形容詞,自立,*,*,形容詞・アウオ段,基本形,かしこい,カシコイ,カシコイ	賢い
名詞,一般,*,*,*,*,絵画,カイガ,カイガ	絵
名詞,一般,*,*,*,*,ありったけ,アリッタケ,アリッタケ	全て
副詞,助詞類接続,*,*,*,*,あんまり,アンマリ,アンマリ	ほとんど
形容詞,自立,*,*,形容詞・アウオ段,基本形,ほど遠い,ホドトオイ,ホドトーイ	難しい
形容詞,自立,*,*,形容詞・イ段,基本形,可愛い,カワイイ,カワイイ	かわいい
名詞,形容動詞語幹,*,*,*,*,キレイ,キレイ,キレイ	きれい
名詞,一般,*,*,*,*,ひざ,ヒザ,ヒザ	膝
名詞,一般,*,*,*,*,見晴らし,ミハラシ,ミハラシ	景色
動詞,自立,*,*,五段・ラ行,基本形,のる,ノル,ノル	乗る
形容詞,自立,*,*,形容詞・アウオ段,ガル接続,きつい,キツ,キツ	小さ
副詞,一般,*,*,*,*,到底,トウテイ,トーテイ	全く
動詞,自立,*,*,五段・バ行,未然形,転ぶ,コロバ,コロバ	倒れ
名詞,一般,*,*,*,*,郊外,コウガイ,コーガイ	周囲
副詞,一般,*,*,*,*,やはり,ヤハリ,ヤハリ	やっぱり
名詞,一般,*,*,*,*,覚え,オボエ,オボエ	記憶
名詞,サ変接続,*,*,*,*,レポート,レポート,レポート	宿題
名詞,一般,*,*,*,*,妨げ,サマタゲ,サマタゲ	邪魔
形容詞,非自立,*,*,形容詞・アウオ段,基本形,良い,ヨイ,ヨイ	よい
形容詞,自立,*,*,形容詞・アウオ段,連用タ接続,良い,ヨカッ,ヨカッ	よかっ
名詞,サ変接続,*,*,*,*,拒絶,キョゼツ,キョゼツ	反対
名詞,一般,*,*,*,*,申し分,モウシブン,モーシブン	問題
名詞,一般,*,*,*,*,幾夜,イクヨ,イクヨ	いくつ
動詞,自立,*,*,五段・ラ行,連用タ接続,見送る,ミオクッ,ミオクッ	送っ
名詞,一般,*,*,*,*,国語,コクゴ,コクゴ	日本語
動詞,自立,*,*,五段・バ行,連用タ接続,さけぶ,サケン,サケン	叫ん
動詞,自立,*,*,五段・ラ行,連用タ接続,上る,ノボッ,ノボッ	上がっ
動詞,自立,*,*,一段,未然形,恐れる,オソレ,オソレ	怖がら
動詞,自立,*,*,一段,連用形,なまける,ナマケ,ナマケ	怠け
名詞,一般,*,*,*,*,浴室,ヨクシツ,ヨクシツ	風呂
名詞,接尾,一般,*,*,*,め,メ,メ	目
名詞,一般,*,*,*,*,パパ,パパ,パパ	父さん
動詞,自立,*,*,五段・カ行イ音便,連用タ接続,ひっぱたく,ヒッパタイ,ヒッパタイ	叩い
動詞,自立,*,*,一段,基本形,抑える,オサエル,オサエル	止める
名詞,接尾,一般,*,*,*,かた,カタ,カタ	方
名詞,一般,*,*,*,*,アイディア,アイディア,アイディア	考え
名詞,一般,*,*,*,*,気合い,キアイ,キアイ	気持ち
名詞,一般,*,*,*,*,寿命,ジュミョウ,ジュミョー	命
名詞,サ変接続,*,*,*,*,中継,チュウケイ,チューケイ	放送
名詞,サ変接続,*,*,*,*,伝言,デンゴン,デンゴン	言葉
動詞,自立,*,*,五段・カ行イ音便,基本形,たどりつく,タドリツク,タドリツク	行く
動詞,自立,*,*,五段・ワ行促音便,連用タ接続,沿う,ソッ,ソッ	従っ
動詞,自立,*,*,五段・カ行イ音便,連用タ接続,引っ掻く,ヒッカイ,ヒッカイ	引っかい
名詞,一般,*,*,*,*,人類,ジンルイ,ジンルイ	人
動詞,自立,*,*,五段・カ行イ音便,基本形,さく,サク,サク	分ける
名詞,一般,*,*,*,*,年月,トシツキ,トシツキ	時間
名詞,サ変接続,*,*,*,*,推理,スイリ,スイリ	考え
動詞,自立,*,*,五段・ワ行促音便,連用タ接続,違う,チガッ,チガッ	異なっ
名詞,一般,*,*,*,*,同僚,ドウリョウ,ドーリョー	仲間
名詞,一般,*,*,*,*,食物,ショクモツ,ショクモツ	食べ物
名詞,一般,*,*,*,*,ブドウ,ブドウ,ブドー	ぶどう
形容詞,自立,*,*,形容詞・アウオ段,基本形,はやい,ハヤイ,ハヤイ	早い
動詞,自立,*,*,五段・サ行,連用形,吹き返す,フキカエシ,フキカエシ	返し
名詞,一般,*,*,*,*,本人,ホンニン,ホンニン	自身
名詞,一般,*,*,*,*,ほとり,ホトリ,ホトリ	近く
名詞,一般,*,*,*,*,錠剤,ジョウザイ,ジョーザイ	薬
動詞,自立,*,*,五段・サ行,未然形,放りだす,ホウリダサ,ホーリダサ	出さ
副詞,助詞類接続,*,*,*,*,およそ,オヨソ,オヨソ	ほとんど
名詞,サ変接続,*,*,*,*,ドライブ,ドライブ,ドライブ	運転
副詞,助詞類接続,*,*,*,*,なるべく,ナルベク,ナルベク	できるだけ
名詞,一般,*,*,*,*,ふもと,フモト,フモト	近く
名詞,非自立,副詞可能,*,*,*,為,タメ,タメ	ため
動詞,自立,*,*,五段・ラ行,連用形,見送る,ミオクリ,ミオクリ	送り
動詞,自立,*,*,五段・サ行,連用形,みまわす,ミマワシ,ミマワシ	み
動詞,自立,*,*,五段・サ行,連用形,屈す,クッシ,クッシ	負け
名詞,一般,*,*,*,*,家賃,ヤチン,ヤチン	金
名詞,一般,*,*,*,*,未成年,ミセイネン,ミセイネン	子供
副詞,一般,*,*,*,*,既に,スデニ,スデニ	もう
名詞,一般,*,*,*,*,歌詞,カシ,カシ	詩
名詞,一般,*,*,*,*,木陰,コカゲ,コカゲ	木の下
動詞,自立,*,*,五段・カ行イ音便,連用タ接続,置く,オイ,オイ	おい
動詞,自立,*,*,一段,連用形,論じる,ロンジ,ロンジ	話し
動詞,自立,*,*,五段・タ行,連用タ接続,まつ,マッ,マッ	待っ
動詞,自立,*,*,一段,連用形,仕立てる,シタテ,シタテ	作り
名詞,一般,*,*,*,*,親,オヤ,オヤ	両親
名詞,一般,*,*,*,*,土手,ドテ,ドテ	そば
名詞,形容動詞語幹,*,*,*,*,厄介,ヤッカイ,ヤッカイ	大変
名詞,形容動詞語幹,*,*,*,*,有利,ユウリ,ユーリ	上
動詞,自立,*,*,五段・ラ行,連用タ接続,さえずる,サエズッ,サエズッ	鳴い
動詞,自立,*,*,五段・ラ行,命令ｅ,見張る,ミハレ,ミハレ	見ろ
名詞,ナイ形容詞語幹,*,*,*,*,頼り,タヨリ,タヨリ	ため
動詞,自立,*,*,五段・カ行イ音便,連用タ接続,ささやく,ササヤイ,ササヤイ	話し
形容詞,自立,*,*,形容詞・アウオ段,基本形,ありがたい,アリガタイ,アリガタイ	嬉しい
名詞,形容動詞語幹,*,*,*,*,健在,ケンザイ,ケンザイ	元気
副詞,助詞類接続,*,*,*,*,のんびり,ノンビリ,ノンビリ	ゆっくり
名詞,サ変接続,*,*,*,*,舞踏,ブトウ,ブトー	ダンス
動詞,自立,*,*,一段,連用形,勧める,ススメ,ススメ	言っ
名詞,一般,*,*,*,*,見掛け,ミカケ,ミカケ	見た目
動詞,自立,*,*,五段・ワ行促音便,未然形,逢う,アワ,アワ	合わ
動詞,自立,*,*,五段・ラ行,連用タ接続,贈る,オクッ,オクッ	あげ
形容詞,自立,*,*,形容詞・アウオ段,基本形,上手い,ウマイ,ウマイ	うまい
形容詞,自立,*,*,形容詞・アウオ段,連用タ接続,無い,ナカッ,ナカッ	なかっ
名詞,一般,*,*,*,*,基準,キジュン,キジュン	基本
動詞,自立,*,*,一段,連用形,かくれる,カクレ,カクレ	入っ
動詞,自立,*,*,一段,連用形,通り抜ける,トオリヌケ,トーリヌケ	通っ
名詞,一般,*,*,*,*,申し入れ,モウシイレ,モーシイレ	話
名詞,一般,*,*,*,*,モール,モール,モール	店
名詞,副詞可能,*,*,*,*,晩,バン,バン	夜
形容詞,自立,*,*,形容詞・アウオ段,連用テ接続,良い,ヨク,ヨク	よく
形容詞,自立,*,*,形容詞・アウオ段,連用テ接続,おそい,オソク,オソク	遅く
動詞,自立,*,*,五段・ラ行,連用形,亡くなる,ナクナリ,ナクナリ	死に
副詞,助詞類接続,*,*,*,*,いずれ,イズレ,イズレ	そのうち
名詞,一般,*,*,*,*,マンガ,マンガ,マンガ	漫画
動詞,自立,*,*,一段,連用形,ぶつける,ブツケ,ブツケ	打っ
名詞,一般,*,*,*,*,演劇,エンゲキ,エンゲキ	劇
名詞,一般,*,*,*,*,群衆,グンシュウ,グンシュー	集団
動詞,自立,*,*,五段・ラ行,基本形,立ち上る,タチノボル,タチノボル	立つ
副詞,一般,*,*,*,*,じきに,ジキニ,ジキニ	後に
動詞,自立,*,*,五段・マ行,未然形,はさむ,ハサマ,ハサマ	挟ま
動詞,自立,*,*,五段・ラ行,基本形,曲がる,マガル,マガル	行く
形容詞,自立,*,*,形容詞・アウオ段,連用テ接続,快い,ココロヨク,ココロヨク	気持ちよく
動詞,自立,*,*,五段・ラ行,基本形,すわる,スワル,スワル	座る
動詞,自立,*,*,一段,未然形,捧げる,ササゲ,ササゲ	あげ
名詞,サ変接続,*,*,*,*,考慮,コウリョ,コーリョ	考え
名詞,一般,*,*,*,*,度胸,ドキョウ,ドキョー	勇気
動詞,自立,*,*,五段・ラ行,連用タ接続,まとまる,マトマッ,マトマッ	つい
動詞,自立,*,*,五段・サ行,基本形,こわす,コワス,コワス	壊す
名詞,一般,*,*,*,*,いす,イス,イス	物
動詞,自立,*,*,一段,連用形,敗れる,ヤブレ,ヤブレ	負け
名詞,一般,*,*,*,*,運賃,ウンチン,ウンチン	お金
名詞,接尾,一般,*,*,*,先,サキ,サキ	向こう
名詞,一般,*,*,*,*,こ,コ,コ	個
副詞,助詞類接続,*,*,*,*,たった今,タッタイマ,タッタイマ	ちょうど
名詞,副詞可能,*,*,*,*,いっさい,イッサイ,イッサイ	全て
名詞,一般,*,*,*,*,道端,ミチバタ,ミチバタ	道
名詞,一般,*,*,*,*,湯,ユ,ユ	風呂
副詞,一般,*,*,*,*,たいそう,タイソウ,タイソー	とても
形容詞,自立,*,*,形容詞・アウオ段,基本形,狭い,セマイ,セマイ	小さい
動詞,自立,*,*,五段・タ行,連用タ接続,育つ,ソダッ,ソダッ	過ごし
名詞,一般,*,*,*,*,集まり,アツマリ,アツマリ	会
名詞,サ変接続,*,*,*,*,スタート,スタート,スタート	開始
名詞,一般,*,*,*,*,事業,ジギョウ,ジギョー	仕事
名詞,副詞可能,*,*,*,*,次回,ジカイ,ジカイ	次
名詞,一般,*,*,*,*,フレーズ,フレーズ,フレーズ	言葉
名詞,一般,*,*,*,*,動機,ドウキ,ドーキ	理由
名詞,一般,*,*,*,*,坊や,ボウヤ,ボーヤ	少年
名詞,一般,*,*,*,*,流感,リュウカン,リューカン	インフルエンザ
名詞,一般,*,*,*,*,食器,ショッキ,ショッキ	皿
名詞,形容動詞語幹,*,*,*,*,目障り,メザワリ,メザワリ	邪魔
動詞,自立,*,*,一段,基本形,買える,カエル,カエル	買う
名詞,一般,*,*,*,*,庭園,テイエン,テイエン	庭
名詞,一般,*,*,*,*,綴り,ツヅリ,ツズリ	文字
動詞,自立,*,*,五段・サ行,連用形,害す,ガイシ,ガイシ	壊し
名詞,サ変接続,*,*,*,*,適応,テキオウ,テキオー	対応
名詞,サ変接続,*,*,*,*,連想,レンソウ,レンソー	想像
動詞,自立,*,*,五段・ワ行促音便,未然形,負う,オワ,オワ	取ら
名詞,一般,*,*,*,*,一団,イチダン,イチダン	集団
動詞,自立,*,*,五段・ラ行,仮定形,眠る,ネムレ,ネムレ	寝れ
名詞,サ変接続,*,*,*,*,公表,コウヒョウ,コーヒョー	発表
動詞,自立,*,*,一段,未然形,叱りつける,シカリツケ,シカリツケ	怒ら
動詞,自立,*,*,五段・ラ行,連用タ接続,たまる,タマッ,タマッ	出
動詞,自立,*,*,五段・マ行,仮定形,やむ,ヤメ,ヤメ	止まれ
名詞,一般,*,*,*,*,わいろ,ワイロ,ワイロ	お金
名詞,一般,*,*,*,*,わき,ワキ,ワキ	横
動詞,自立,*,*,五段・ラ行,連用タ接続,終る,オワッ,オワッ	終わっ
動詞,自立,*,*,五段・ワ行促音便,基本形,知り合う,シリアウ,シリアウ	知る
名詞,一般,*,*,*,*,催し物,モヨオシモノ,モヨーシモノ	企画
動詞,自立,*,*,五段・ラ行,連用形,あがる,アガリ,アガリ	行き
名詞,サ変接続,*,*,*,*,サイン,サイン,サイン	名前
名詞,一般,*,*,*,*,果実,カジツ,カジツ	果物
名詞,サ変接続,*,*,*,*,言い訳,イイワケ,イーワケ	説明
名詞,一般,*,*,*,*,シングル,シングル,シングル	１つ
名詞,形容動詞語幹,*,*,*,*,ぼろぼろ,ボロボロ,ボロボロ	ダメ
動詞,自立,*,*,五段・カ行イ音便,連用形,頂く,イタダキ,イタダキ	もらい
動詞,自立,*,*,五段・カ行イ音便,連用タ接続,やく,ヤイ,ヤイ	焼い
名詞,一般,*,*,*,*,ゲート,ゲート,ゲート	門
名詞,サ変接続,*,*,*,*,負傷,フショウ,フショー	怪我
動詞,自立,*,*,五段・マ行,連用タ接続,しずむ,シズン,シズン	沈ん
動詞,自立,*,*,五段・ラ行,連用形,つくる,ツクリ,ツクリ	作り
動詞,自立,*,*,一段,基本形,おきる,オキル,オキル	起きる
名詞,形容動詞語幹,*,*,*,*,本気,ホンキ,ホンキ	本当
名詞,形容動詞語幹,*,*,*,*,色々,イロイロ,イロイロ	いろいろ
動詞,自立,*,*,一段,基本形,たてる,タテル,タテル	出す
名詞,形容動詞語幹,*,*,*,*,妙,ミョウ,ミョー	不思議
名詞,一般,*,*,*,*,食料,ショクリョウ,ショクリョー	食べ物
動詞,自立,*,*,五段・ラ行,連用タ接続,出来上がる,デキアガッ,デキアガッ	でき
名詞,形容動詞語幹,*,*,*,*,安らか,ヤスラカ,ヤスラカ	穏やか
動詞,自立,*,*,五段・ラ行,基本形,あたる,アタル,アタル	当たる
名詞,一般,*,*,*,*,ショー,ショー,ショー	劇
名詞,一般,*,*,*,*,富,トミ,トミ	金
動詞,自立,*,*,一段,連用形,つかれる,ツカレ,ツカレ	疲れ
動詞,自立,*,*,一段,連用形,すぐれる,スグレ,スグレ	勝っ
動詞,自立,*,*,五段・マ行,連用タ接続,飛び込む,トビコン,トビコン	跳ん
感動詞,*,*,*,*,*,ごめんなさい,ゴメンナサイ,ゴメンナサイ	すみません
名詞,一般,*,*,*,*,茶わん,チャワン,チャワン	皿
名詞,一般,*,*,*,*,売り上げ,ウリアゲ,ウリアゲ	利益
名詞,一般,*,*,*,*,あらし,アラシ,アラシ	嵐
動詞,自立,*,*,五段・ワ行促音便,連用タ接続,救う,スクッ,スクッ	助け
動詞,自立,*,*,五段・ラ行,基本形,仕上がる,シアガル,シアガル	終わる
動詞,自立,*,*,五段・サ行,連用形,探し出す,サガシダシ,サガシダシ	見つけ
名詞,一般,*,*,*,*,値,ネ,ネ	価格
名詞,一般,*,*,*,*,日取り,ヒドリ,ヒドリ	予定
動詞,自立,*,*,五段・ラ行,未然ウ接続,立ち去る,タチサロ,タチサロ	帰ろ
動詞,自立,*,*,五段・ラ行,未然形,もどる,モドラ,モドラ	帰ら
動詞,自立,*,*,一段,未然ウ接続,ためる,タメヨ,タメヨ	持と
名詞,サ変接続,*,*,*,*,懇願,コンガン,コンガン	お願い
動詞,自立,*,*,五段・サ行,連用形,放り出す,ホウリダシ,ホーリダシ	出し
動詞,自立,*,*,五段・ワ行促音便,未然形,支払う,シハラワ,シハラワ	払わ
名詞,一般,*,*,*,*,すき,スキ,スキ	好き
動詞,自立,*,*,五段・ラ行,未然形,気にいる,キニイラ,キニイラ	気に入ら
動詞,自立,*,*,五段・ワ行促音便,基本形,行う,オコナウ,オコナウ	やる
名詞,一般,*,*,*,*,ウイスキー,ウイスキー,ウイスキー	酒
動詞,自立,*,*,五段・ラ行,基本形,当てはまる,アテハマル,アテハマル	当たる
名詞,一般,*,*,*,*,原案,ゲンアン,ゲンアン	案
名詞,代名詞,一般,*,*,*,あいつ,アイツ,アイツ	彼
名詞,一般,*,*,*,*,級友,キュウユウ,キューユー	友達
動詞,自立,*,*,一段,連用形,かれる,カレ,カレ	なくなっ
動詞,自立,*,*,五段・ラ行,連用タ接続,召しあがる,メシアガッ,メシアガッ	食べ
形容詞,自立,*,*,形容詞・アウオ段,連用テ接続,ありがたい,アリガタク,アリガタク	嬉しく
動詞,自立,*,*,五段・ラ行,連用タ接続,受けとる,ウケトッ,ウケトッ	受け
名詞,一般,*,*,*,*,めいめい,メイメイ,メイメイ	それぞれ
動詞,自立,*,*,五段・ラ行,連用形,塗る,ヌリ,ヌリ	し
名詞,一般,*,*,*,*,用事,ヨウジ,ヨージ	予定
動詞,自立,*,*,五段・ラ行,連用タ接続,すがる,スガッ,スガッ	頼っ
名詞,一般,*,*,*,*,身長,シンチョウ,シンチョー	背
動詞,自立,*,*,五段・ラ行,連用タ接続,創る,ツクッ,ツクッ	作っ
動詞,自立,*,*,一段,基本形,みせる,ミセル,ミセル	見せる
名詞,一般,*,*,*,*,小道,コミチ,コミチ	道
動詞,自立,*,*,一段,基本形,たずねる,タズネル,タズネル	訪ねる
動詞,自立,*,*,一段,未然形,暮れる,クレ,クレ	くれ
名詞,一般,*,*,*,*,癖,クセ,クセ	特徴
名詞,一般,*,*,*,*,親友,シンユウ,シンユー	友達
動詞,自立,*,*,五段・ラ行,連用タ接続,動き回る,ウゴキマワッ,ウゴキマワッ	動い
副詞,一般,*,*,*,*,是非とも,ゼヒトモ,ゼヒトモ	ぜひとも
名詞,一般,*,*,*,*,思いつき,オモイツキ,オモイツキ	考え
名詞,一般,*,*,*,*,許し,ユルシ,ユルシ	許可
名詞,一般,*,*,*,*,連中,レンチュウ,レンチュー	彼ら
動詞,自立,*,*,一段,基本形,いれる,イレル,イレル	入れる
名詞,接尾,一般,*,*,*,たち,タチ,タチ	性格
動詞,自立,*,*,五段・カ行イ音便,基本形,追い付く,オイツク,オイツク	追いつく
動詞,自立,*,*,一段,連用形,掛ける,カケ,カケ	座り
副詞,一般,*,*,*,*,かろうじて,カロウジテ,カロージテ	なんとか
名詞,一般,*,*,*,*,ルール,ルール,ルール	条件
動詞,自立,*,*,五段・ラ行,未然形,静まる,シズマラ,シズマラ	止まら
動詞,自立,*,*,一段,未然形,着ける,ツケ,ツケ	着か
動詞,自立,*,*,一段,連用形,植える,ウエ,ウエ	おき
名詞,一般,*,*,*,*,版権,ハンケン,ハンケン	権利
動詞,自立,*,*,一段,基本形,終える,オエル,オエル	終わる
名詞,一般,*,*,*,*,半数,ハンスウ,ハンスー	半分
名詞,一般,*,*,*,*,一同,イチドウ,イチドー	全員
名詞,一般,*,*,*,*,上司,ジョウシ,ジョーシ	上
名詞,一般,*,*,*,*,こいつ,コイツ,コイツ	あなた
動詞,自立,*,*,五段・サ行,未然形,そらす,ソラサ,ソラサ	動かさ
名詞,サ変接続,*,*,*,*,出航,シュッコウ,シュッコー	出発
動詞,自立,*,*,五段・ラ行,基本形,忘れ去る,ワスレサル,ワスレサル	消す
動詞,自立,*,*,五段・ラ行,連用タ接続,言い張る,イイハッ,イーハッ	言っ
名詞,サ変接続,*,*,*,*,通報,ツウホウ,ツーホー	電話
動詞,自立,*,*,一段,連用形,にげる,ニゲ,ニゲ	逃げ
形容詞,自立,*,*,形容詞・イ段,基本形,怪しい,アヤシイ,アヤシイ	おかしい
動詞,自立,*,*,五段・ラ行,未然形,しる,シラ,シラ	知ら
名詞,サ変接続,*,*,*,*,まね,マネ,マネ	こと
名詞,サ変接続,*,*,*,*,取り引き,トリヒキ,トリヒキ	契約
動詞,自立,*,*,一段,連用形,追いかける,オイカケ,オイカケ	追っ
名詞,サ変接続,*,*,*,*,主張,シュチョウ,シュチョー	意見
名詞,一般,*,*,*,*,アヒル,アヒル,アヒル	鳥
名詞,一般,*,*,*,*,身なり,ミナリ,ミナリ	見た目
名詞,一般,*,*,*,*,年上,トシウエ,トシウエ	上
形容詞,自立,*,*,形容詞・イ段,基本形,若々しい,ワカワカシイ,ワカワカシイ	若い
名詞,非自立,一般,*,*,*,かた,カタ,カタ	人
名詞,副詞可能,*,*,*,*,今頃,イマゴロ,イマゴロ	今
動詞,自立,*,*,五段・サ行,連用形,著す,アラワシ,アラワシ	書い
動詞,自立,*,*,一段,連用形,みかける,ミカケ,ミカケ	見
名詞,一般,*,*,*,*,ソファー,ソファー,ソファー	椅子
感動詞,*,*,*,*,*,ねえ,ネエ,ネー	ねぇ
名詞,副詞可能,*,*,*,*,のち,ノチ,ノチ	あと
名詞,サ変接続,*,*,*,*,空想,クウソウ,クーソー	想像
名詞,サ変接続,*,*,*,*,予測,ヨソク,ヨソク	予想
形容詞,自立,*,*,形容詞・イ段,基本形,とぼしい,トボシイ,トボシイ	少ない
動詞,自立,*,*,一段,連用形,とめる,トメ,トメ	止め
名詞,サ変接続,*,*,*,*,お知らせ,オシラセ,オシラセ	報告
動詞,自立,*,*,一段,連用形,見合わせる,ミアワセ,ミアワセ	見
動詞,自立,*,*,五段・ワ行促音便,未然形,あらう,アラワ,アラワ	洗わ
動詞,自立,*,*,一段,基本形,おちる,オチル,オチル	落ちる
連体詞,*,*,*,*,*,ありとあらゆる,アリトアラユル,アリトアラユル	あらゆる
形容詞,自立,*,*,不変化型,基本形,かっこいい,カッコイイ,カッコイイ	いい
動詞,自立,*,*,一段,連用形,解ける,トケ,トケ	なくなっ
名詞,一般,*,*,*,*,オートバイ,オートバイ,オートバイ	バイク
動詞,自立,*,*,五段・ワ行促音便,基本形,似合う,ニアウ,ニアウ	合う
名詞,一般,*,*,*,*,種族,シュゾク,シュゾク	種
名詞,副詞可能,*,*,*,*,先週,センシュウ,センシュー	前
名詞,一般,*,*,*,*,両方,リョウホウ,リョーホー	どちら
動詞,自立,*,*,一段,連用形,わすれる,ワスレ,ワスレ	忘れ
動詞,自立,*,*,一段,連用形,推し進める,オシススメ,オシススメ	進め
動詞,自立,*,*,五段・ワ行促音便,未然形,あう,アワ,アワ	合わ
名詞,一般,*,*,*,*,面前,メンゼン,メンゼン	前
名詞,一般,*,*,*,*,びり,ビリ,ビリ	最後
副詞,助詞類接続,*,*,*,*,しょっちゅう,ショッチュウ,ショッチュー	いつも
名詞,サ変接続,*,*,*,*,始末,シマツ,シマツ	処理
動詞,自立,*,*,五段・ワ行促音便,連用タ接続,手伝う,テツダッ,テツダッ	助け
連体詞,*,*,*,*,*,おなじ,オナジ,オナジ	同じ
名詞,一般,*,*,*,*,仲良し,ナカヨシ,ナカヨシ	友達
形容詞,自立,*,*,形容詞・アウオ段,連用タ接続,辛抱強い,シンボウヅヨカッ,シンボーズヨカッ	我慢強かっ
名詞,一般,*,*,*,*,わがまま,ワガママ,ワガママ	自分勝手
名詞,一般,*,*,*,*,賃金,チンギン,チンギン	お金
名詞,一般,*,*,*,*,年下,トシシタ,トシシタ	下
動詞,自立,*,*,一段,連用形,揺れる,ユレ,ユレ	動い
名詞,一般,*,*,*,*,持ち物,モチモノ,モチモノ	もの
動詞,自立,*,*,五段・ラ行,連用形,こわがる,コワガリ,コワガリ	怖がり
名詞,サ変接続,*,*,*,*,競走,キョウソウ,キョーソー	競争
名詞,一般,*,*,*,*,アスピリン,アスピリン,アスピリン	薬
動詞,自立,*,*,五段・ラ行,連用タ接続,殴る,ナグッ,ナグッ	叩い
動詞,自立,*,*,五段・カ行イ音便,基本形,差し引く,サシヒク,サシヒク	引く
動詞,自立,*,*,五段・ラ行,連用形,しる,シリ,シリ	知り
動詞,自立,*,*,五段・ラ行,基本形,喋る,シャベル,シャベル	話す
名詞,形容動詞語幹,*,*,*,*,でたらめ,デタラメ,デタラメ	嘘
名詞,一般,*,*,*,*,給料,キュウリョウ,キューリョー	お金
名詞,一般,*,*,*,*,出,シュツ,シュツ	出身
動詞,自立,*,*,五段・ワ行促音便,連用タ接続,間に合う,マニアッ,マニアッ	着い
名詞,一般,*,*,*,*,真水,マミズ,マミズ	水
名詞,接尾,助数詞,*,*,*,課,カ,カ	番
動詞,自立,*,*,五段・ワ行促音便,連用形,ちがう,チガイ,チガイ	異なり
名詞,一般,*,*,*,*,気力,キリョク,キリョク	元気
名詞,一般,*,*,*,*,緑色,リョクショク,リョクショク	緑
動詞,自立,*,*,五段・サ行,連用形,無くす,ナクシ,ナクシ	失っ
動詞,自立,*,*,一段,連用形,くたびれる,クタビレ,クタビレ	疲れ
名詞,一般,*,*,*,*,座席,ザセキ,ザセキ	席
名詞,一般,*,*,*,*,郵便受け,ユウビンウケ,ユービンウケ	郵便箱
動詞,自立,*,*,五段・ラ行,連用タ接続,歩き回る,アルキマワッ,アルキマワッ	歩い
動詞,自立,*,*,五段・サ行,未然形,おもいだす,オモイダサ,オモイダサ	思い出さ
形容詞,自立,*,*,形容詞・アウオ段,基本形,おそい,オソイ,オソイ	遅い
動詞,自立,*,*,一段,連用形,拾い上げる,ヒロイアゲ,ヒロイアゲ	取っ
動詞,自立,*,*,一段,未然形,生える,ハエ,ハエ	なら
動詞,自立,*,*,一段,基本形,生ける,イケル,イケル	飾る
名詞,一般,*,*,*,*,おとな,オトナ,オトナ	大人
名詞,一般,*,*,*,*,年寄り,トシヨリ,トシヨリ	老人
名詞,一般,*,*,*,*,関心,カンシン,カンシン	興味
名詞,サ変接続,*,*,*,*,流行,リュウコウ,リューコー	人気
形容詞,自立,*,*,形容詞・イ段,連用テ接続,さびしい,サビシク,サビシク	寂しく
副詞,一般,*,*,*,*,かねがね,カネガネ,カネガネ	ずっと
名詞,形容動詞語幹,*,*,*,*,大量,タイリョウ,タイリョー	多く
動詞,自立,*,*,五段・サ行,未然ウ接続,考え出す,カンガエダソ,カンガエダソ	考えよ
動詞,自立,*,*,五段・ラ行,基本形,受け取る,ウケトル,ウケトル	受ける
名詞,形容動詞語幹,*,*,*,*,盛ん,サカン,サカン	いっぱい
動詞,自立,*,*,一段,基本形,おぼれる,オボレル,オボレル	沈む
名詞,サ変接続,*,*,*,*,見物,ケンブツ,ケンブツ	観光
動詞,自立,*,*,一段,連用形,打ち付ける,ウチツケ,ウチツケ	当たっ
形容詞,自立,*,*,形容詞・アウオ段,連用テ接続,用心深い,ヨウジンブカク,ヨージンブカク	注意深く
動詞,自立,*,*,五段・ワ行促音便,連用タ接続,誓う,チカッ,チカッ	言っ
形容詞,自立,*,*,形容詞・アウオ段,連用テ接続,素早い,スバヤク,スバヤク	早く
動詞,自立,*,*,五段・カ行イ音便,連用タ接続,割く,サイ,サイ	作っ
動詞,自立,*,*,一段,連用形,投げる,ナゲ,ナゲ	やめ
動詞,自立,*,*,五段・ラ行,未然形,おさまる,オサマラ,オサマラ	終わら
動詞,自立,*,*,サ変・−スル,基本形,得する,トクスル,トクスル	得る
名詞,代名詞,一般,*,*,*,僕,ボク,ボク	私
名詞,一般,*,*,*,*,体つき,カラダツキ,カラダツキ	体
動詞,自立,*,*,五段・カ行イ音便,連用タ接続,ふりむく,フリムイ,フリムイ	見
名詞,一般,*,*,*,*,形態,ケイタイ,ケイタイ	形
動詞,自立,*,*,一段,連用形,やり遂げる,ヤリトゲ,ヤリトゲ	やっ
動詞,自立,*,*,五段・ワ行促音便,連用形,話し合う,ハナシアイ,ハナシアイ	話し
名詞,一般,*,*,*,*,翌週,ヨクシュウ,ヨクシュー	来週
名詞,サ変接続,*,*,*,*,洋行,ヨウコウ,ヨーコー	旅行
副詞,一般,*,*,*,*,ちっとも,チットモ,チットモ	全く
副詞,一般,*,*,*,*,とっくに,トックニ,トックニ	すでに
名詞,一般,*,*,*,*,表紙,ヒョウシ,ヒョーシ	表
名詞,一般,*,*,*,*,先輩,センパイ,センパイ	上司
動詞,自立,*,*,五段・カ行イ音便,未然形,あく,アカ,アカ	開か
名詞,一般,*,*,*,*,メロディー,メロディー,メロディー	音楽
名詞,一般,*,*,*,*,語い,ゴイ,ゴイ	話
動詞,自立,*,*,五段・ラ行,基本形,書き取る,カキトル,カキトル	書く
名詞,一般,*,*,*,*,別物,ベツモノ,ベツモノ	別
動詞,自立,*,*,五段・ラ行,未然形,眠る,ネムラ,ネムラ	寝
動詞,自立,*,*,五段・サ行,連用形,没す,ボッシ,ボッシ	落ち
名詞,サ変接続,*,*,*,*,冒険,ボウケン,ボーケン	旅
名詞,一般,*,*,*,*,模範,モハン,モハン	例
副詞,助詞類接続,*,*,*,*,きっちり,キッチリ,キッチリ	ちょうど
名詞,サ変接続,*,*,*,*,分別,フンベツ,フンベツ	判断
名詞,一般,*,*,*,*,外見,ガイケン,ガイケン	見た目
形容詞,自立,*,*,形容詞・アウオ段,基本形,用心深い,ヨウジンブカイ,ヨージンブカイ	注意深い
名詞,一般,*,*,*,*,起源,キゲン,キゲン	元
名詞,一般,*,*,*,*,書店,ショテン,ショテン	本の店
副詞,一般,*,*,*,*,しきりに,シキリニ,シキリニ	ずっと
形容詞,自立,*,*,形容詞・アウオ段,基本形,よい,ヨイ,ヨイ	いい
動詞,自立,*,*,五段・ラ行,基本形,横切る,ヨコギル,ヨコギル	渡る
名詞,形容動詞語幹,*,*,*,*,重大,ジュウダイ,ジューダイ	大変
動詞,自立,*,*,一段,未然形,曲げる,マゲ,マゲ	変え
名詞,一般,*,*,*,*,知り合い,シリアイ,シリアイ	友達
名詞,固有名詞,地域,国,*,*,英国,エイコク,エイコク	イギリス
名詞,一般,*,*,*,*,ピアニスト,ピアニスト,ピアニスト	ピアノ
名詞,形容動詞語幹,*,*,*,*,手近,テヂカ,テジカ	近く
動詞,自立,*,*,五段・ラ行特殊,基本形,いらっしゃる,イラッシャル,イラッシャル	いる
動詞,自立,*,*,一段,連用形,控える,ヒカエ,ヒカエ	やめ
名詞,一般,*,*,*,*,誉れ,ホマレ,ホマレ	自慢
動詞,自立,*,*,一段,基本形,見掛ける,ミカケル,ミカケル	見る
動詞,自立,*,*,五段・サ行,連用形,引き返す,ヒキカエシ,ヒキカエシ	戻り
名詞,一般,*,*,*,*,ボーイ,ボーイ,ボーイ	少年
名詞,形容動詞語幹,*,*,*,*,大好き,ダイスキ,ダイスキ	好き
動詞,自立,*,*,五段・ワ行促音便,連用形,助け合う,タスケアイ,タスケアイ	助け
動詞,自立,*,*,五段・マ行,連用タ接続,すすむ,ススン,ススン	進ん
名詞,一般,*,*,*,*,間隔,カンカク,カンカク	間
名詞,一般,*,*,*,*,顔色,カオイロ,カオイロ	具合
副詞,一般,*,*,*,*,暫く,シバラク,シバラク	しばらく
名詞,形容動詞語幹,*,*,*,*,快活,カイカツ,カイカツ	元気
動詞,自立,*,*,五段・サ行,連用形,送り返す,オクリカエシ,オクリカエシ	送っ
動詞,自立,*,*,五段・ラ行,基本形,無くなる,ナクナル,ナクナル	失う
名詞,一般,*,*,*,*,後回し,アトマワシ,アトマワシ	後
動詞,自立,*,*,五段・サ行,連用形,脱す,ダッシ,ダッシ	避け
動詞,自立,*,*,五段・ラ行,基本形,やぶる,ヤブル,ヤブル	破る
名詞,一般,*,*,*,*,返信,ヘンシン,ヘンシン	返事
名詞,サ変接続,*,*,*,*,入院,ニュウイン,ニューイン	滞在
接続詞,*,*,*,*,*,いえ,イエ,イエ	いや
動詞,自立,*,*,五段・ラ行,連用タ接続,まいる,マイッ,マイッ	困っ
名詞,一般,*,*,*,*,雑魚,ジャコ,ジャコ	魚
動詞,自立,*,*,五段・サ行,未然形,だます,ダマサ,ダマサ	とら
動詞,自立,*,*,五段・ラ行,連用形,祈る,イノリ,イノリ	願い
名詞,一般,*,*,*,*,釣,ツリ,ツリ	釣り
動詞,自立,*,*,五段・ラ行,未然形,買い取る,カイトラ,カイトラ	買わ
動詞,自立,*,*,一段,未然形,知れる,シレ,シレ	しれ
動詞,自立,*,*,五段・カ行イ音便,連用タ接続,だく,ダイ,ダイ	抱い
名詞,サ変接続,*,*,*,*,確信,カクシン,カクシン	自信
名詞,一般,*,*,*,*,真相,シンソウ,シンソー	事実
名詞,一般,*,*,*,*,純金,ジュンキン,ジュンキン	金
形容詞,自立,*,*,形容詞・イ段,連用タ接続,よろしい,ヨロシカッ,ヨロシカッ	よかっ
名詞,一般,*,*,*,*,此処,ココ,ココ	ここ
副詞,一般,*,*,*,*,なお,ナオ,ナオ	さらに
名詞,一般,*,*,*,*,何者,ナニモノ,ナニモノ	誰
動詞,自立,*,*,五段・サ行,仮定形,下ろす,オロセ,オロセ	おけ
動詞,自立,*,*,一段,連用形,はじめる,ハジメ,ハジメ	始め
名詞,副詞可能,*,*,*,*,ひところ,ヒトコロ,ヒトコロ	昔
動詞,自立,*,*,五段・ワ行促音便,連用形,間に合う,マニアイ,マニアイ	いい
名詞,一般,*,*,*,*,同志,ドウシ,ドーシ	仲間
動詞,自立,*,*,五段・サ行,連用形,転ばす,コロバシ,コロバシ	させ
名詞,一般,*,*,*,*,身振り,ミブリ,ミブリ	行動
動詞,自立,*,*,五段・タ行,連用形,たつ,タチ,タチ	行き
動詞,自立,*,*,五段・ワ行促音便,連用形,出会う,デアイ,デアイ	会い
名詞,一般,*,*,*,*,口先,クチサキ,クチサキ	口
形容詞,自立,*,*,形容詞・アウオ段,基本形,かゆい,カユイ,カユイ	痒い
名詞,一般,*,*,*,*,ばら,バラ,バラ	花
名詞,一般,*,*,*,*,荷,ニ,ニ	責任
動詞,自立,*,*,一段,連用形,手掛ける,テガケ,テガケ	し
形容詞,自立,*,*,形容詞・アウオ段,連用テ接続,きつい,キツク,キツク	小さく
名詞,形容動詞語幹,*,*,*,*,密か,ヒソカ,ヒソカ	静か
名詞,一般,*,*,*,*,デスク,デスク,デスク	机
動詞,自立,*,*,五段・カ行イ音便,命令ｅ,置く,オケ,オケ	おけ
名詞,一般,*,*,*,*,務め,ツトメ,ツトメ	仕事
名詞,サ変接続,*,*,*,*,贈り物,オクリモノ,オクリモノ	プレゼント
動詞,自立,*,*,五段・サ行,連用形,送りだす,オクリダシ,オクリダシ	送っ
名詞,一般,*,*,*,*,ぶどう酒,ブドウシュ,ブドーシュ	酒
動詞,自立,*,*,一段,連用形,かき集める,カキアツメ,カキアツメ	集め
名詞,一般,*,*,*,*,季節,キセツ,キセツ	時期
名詞,一般,*,*,*,*,内,ウチ,ウチ	中
動詞,自立,*,*,五段・ラ行,基本形,走り回る,ハシリマワル,ハシリマワル	走る
動詞,自立,*,*,一段,連用形,でっちあげる,デッチアゲ,デッチアゲ	作っ
動詞,自立,*,*,五段・ラ行,連用タ接続,こまる,コマッ,コマッ	困っ
名詞,副詞可能,*,*,*,*,空路,クウロ,クーロ	飛行機
名詞,一般,*,*,*,*,しっぽ,シッポ,シッポ	尾
動詞,自立,*,*,五段・サ行,連用形,溶かす,トカシ,トカシ	消し
名詞,サ変接続,*,*,*,*,覚悟,カクゴ,カクゴ	気持ち
動詞,自立,*,*,一段,連用形,おちる,オチ,オチ	落ち
動詞,自立,*,*,一段,基本形,とらえる,トラエル,トラエル	取る
動詞,自立,*,*,五段・マ行,未然形,のむ,ノマ,ノマ	飲ま
名詞,一般,*,*,*,*,音量,オンリョウ,オンリョー	音
名詞,形容動詞語幹,*,*,*,*,もっとも,モットモ,モットモ	普通
動詞,自立,*,*,一段,基本形,留める,トメル,トメル	する
名詞,サ変接続,*,*,*,*,骨折,コッセツ,コッセツ	怪我
名詞,一般,*,*,*,*,薔薇,バラ,バラ	花
動詞,自立,*,*,五段・サ行,連用形,延ばす,ノバシ,ノバシ	し
動詞,自立,*,*,五段・カ行イ音便,命令ｅ,点く,ツケ,ツケ	見
名詞,一般,*,*,*,*,出入り口,デイリグチ,デイリグチ	ドア
名詞,一般,*,*,*,*,出会い,デアイ,デアイ	関係
名詞,サ変接続,*,*,*,*,アルバイト,アルバイト,アルバイト	仕事
動詞,自立,*,*,五段・ラ行,連用タ接続,名乗る,ナノッ,ナノッ	言っ
動詞,自立,*,*,五段・ラ行,基本形,見つかる,ミツカル,ミツカル	ある
動詞,自立,*,*,五段・サ行,連用形,おろす,オロシ,オロシ	出し
名詞,サ変接続,*,*,*,*,移植,イショク,イショク	移動
副詞,助詞類接続,*,*,*,*,始終,シジュウ,シジュー	ずっと
形容詞,自立,*,*,形容詞・イ段,基本形,きびしい,キビシイ,キビシイ	厳しい
名詞,一般,*,*,*,*,小鳥,コトリ,コトリ	鳥
名詞,形容動詞語幹,*,*,*,*,オーバー,オーバー,オーバー	服
副詞,一般,*,*,*,*,あながち,アナガチ,アナガチ	それほど
名詞,非自立,副詞可能,*,*,*,末,スエ,スエ	結果
動詞,自立,*,*,一段,基本形,使いこなせる,ツカイコナセル,ツカイコナセル	使える
動詞,自立,*,*,五段・ラ行,連用タ接続,わたる,ワタッ,ワタッ	渡っ
形容詞,自立,*,*,形容詞・アウオ段,文語基本形,よい,ヨシ,ヨシ	よい
動詞,自立,*,*,五段・ラ行,基本形,立ち止まる,タチドマル,タチドマル	止まる
名詞,サ変接続,*,*,*,*,あいさつ,アイサツ,アイサツ	挨拶
名詞,一般,*,*,*,*,サラダ,サラダ,サラダ	野菜
動詞,自立,*,*,五段・ナ行,連用タ接続,焼け死ぬ,ヤケシン,ヤケシン	死ん
動詞,自立,*,*,一段,基本形,架ける,カケル,カケル	作る
名詞,サ変接続,*,*,*,*,愛着,アイチャク,アイチャク	愛
動詞,自立,*,*,五段・ワ行促音便,連用タ接続,めんくらう,メンクラッ,メンクラッ	驚い
動詞,自立,*,*,一段,未然形,みかける,ミカケ,ミカケ	み
動詞,自立,*,*,五段・サ行,連用形,吹き出す,フキダシ,フキダシ	笑っ
動詞,自立,*,*,五段・サ行,未然形,呼び出す,ヨビダサ,ヨビダサ	呼ば
名詞,一般,*,*,*,*,裏口,ウラグチ,ウラグチ	裏
名詞,サ変接続,*,*,*,*,訓練,クンレン,クンレン	練習
名詞,一般,*,*,*,*,戸棚,トダナ,トダナ	棚
動詞,自立,*,*,五段・ラ行,連用形,下がる,サガリ,サガリ	落ち
名詞,一般,*,*,*,*,ワイン,ワイン,ワイン	酒
動詞,自立,*,*,一段,未然形,あたえる,アタエ,アタエ	与え
形容詞,自立,*,*,形容詞・アウオ段,基本形,あくどい,アクドイ,アクドイ	悪い
名詞,一般,*,*,*,*,チェス,チェス,チェス	ゲーム
名詞,一般,*,*,*,*,グラス,グラス,グラス	コップ
名詞,サ変接続,*,*,*,*,策略,サクリャク,サクリャク	考え
動詞,自立,*,*,五段・ワ行促音便,連用タ接続,すれ違う,スレチガッ,スレチガッ	会っ
名詞,一般,*,*,*,*,ファッション,ファッション,ファッション	服
名詞,サ変接続,*,*,*,*,指図,サシズ,サシズ	命令
動詞,自立,*,*,五段・ラ行,基本形,留まる,トマル,トマル	残る
動詞,自立,*,*,五段・ワ行促音便,連用形,習う,ナライ,ナライ	学び
名詞,一般,*,*,*,*,ガウン,ガウン,ガウン	服
動詞,自立,*,*,五段・サ行,連用形,引っ越す,ヒッコシ,ヒッコシ	行っ
名詞,接尾,助数詞,*,*,*,か月,カゲツ,カゲツ	ヶ月
名詞,一般,*,*,*,*,あるじ,アルジ,アルジ	主人
名詞,一般,*,*,*,*,幼年,ヨウネン,ヨーネン	子供
動詞,自立,*,*,五段・ワ行促音便,基本形,助け合う,タスケアウ,タスケアウ	助ける
動詞,自立,*,*,五段・ラ行,連用形,立ち上がる,タチアガリ,タチアガリ	立ち
名詞,サ変接続,*,*,*,*,リクエスト,リクエスト,リクエスト	要求
動詞,自立,*,*,五段・マ行,未然ウ接続,申し込む,モウシコモ,モーシコモ	頼も
動詞,自立,*,*,一段,基本形,演じる,エンジル,エンジル	する
動詞,自立,*,*,一段,基本形,逃れる,ノガレル,ノガレル	逃げる
名詞,サ変接続,*,*,*,*,学問,ガクモン,ガクモン	勉強
名詞,形容動詞語幹,*,*,*,*,気がかり,キガカリ,キガカリ	心配
名詞,一般,*,*,*,*,チョコ,チョコ,チョコ	チョコレート
動詞,自立,*,*,五段・ラ行,連用形,見つかる,ミツカリ,ミツカリ	あり
動詞,自立,*,*,五段・ラ行,連用形,さぼる,サボリ,サボリ	休み
名詞,サ変接続,*,*,*,*,一服,イップク,イップク	１つ
動詞,自立,*,*,五段・マ行,基本形,はさむ,ハサム,ハサム	出す
名詞,一般,*,*,*,*,学者,ガクシャ,ガクシャ	人
名詞,サ変接続,*,*,*,*,上映,ジョウエイ,ジョーエイ	映画
動詞,自立,*,*,五段・ワ行促音便,連用タ接続,誘う,サソッ,サソッ	言っ
名詞,一般,*,*,*,*,出来事,デキゴト,デキゴト	事
名詞,一般,*,*,*,*,国籍,コクセキ,コクセキ	国
名詞,形容動詞語幹,*,*,*,*,素直,スナオ,スナオ	正直
名詞,形容動詞語幹,*,*,*,*,平気,ヘイキ,ヘイキ	大丈夫
名詞,非自立,一般,*,*,*,とき,トキ,トキ	時
名詞,一般,*,*,*,*,巣,ス,ス	家
名詞,一般,*,*,*,*,理科,リカ,リカ	科学
名詞,一般,*,*,*,*,戸外,コガイ,コガイ	外
動詞,自立,*,*,五段・カ行イ音便,未然形,つく,ツカ,ツカ	行か
動詞,自立,*,*,五段・タ行,連用タ接続,なげうつ,ナゲウッ,ナゲウッ	捨て
動詞,自立,*,*,五段・ラ行,連用タ接続,見張る,ミハッ,ミハッ	見
動詞,自立,*,*,五段・ラ行,未然形,さえぎる,サエギラ,サエギラ	止め
動詞,自立,*,*,五段・タ行,連用形,いらだつ,イラダチ,イラダチ	怒り
